experiment,park_id,variant,outlier_share,r2,rmse_n,mae_n,energy_ratio,wasserstein,n_hours,window,curtailed_share
K1,00198_1,raw,0.1151490947816826,0.3713390113477404,0.2178293911678702,0.1376304679934031,1.1837570711682135,0.0495282969956134,7512,"('2023-07-24 00:00:00+00:00', '2024-05-31 23:00:00+00:00')",
K1,00198_1,clean,0.1151490947816826,0.5539273387359632,0.1779661441592158,0.1186959083350886,1.1299001284721126,0.0360851609730502,6647,"('2023-07-24 00:00:00+00:00', '2024-05-31 23:00:00+00:00')",
K1,00198_1,clean_exkl_curt,0.1151490947816826,0.534701698287069,0.1773089878121565,0.1178848858689554,1.1208648566458352,0.0326780736068156,6647,"('2023-07-24 00:00:00+00:00', '2024-05-31 23:00:00+00:00')",0.0493455694298179
K1,00198_2,raw,0.2203343381748423,0.6494298468165969,0.198758603686037,0.1358784966513329,1.1662240529138352,0.0600593694777454,3649,"('2023-12-31 23:00:00+00:00', '2024-05-31 23:00:00+00:00')",
K1,00198_2,clean,0.2203343381748423,0.8008100736338398,0.1450381824241352,0.1019408750949336,1.2002506276785456,0.068418878162307,2845,"('2023-12-31 23:00:00+00:00', '2024-05-31 23:00:00+00:00')",
K1,00198_2,clean_exkl_curt,0.2203343381748423,0.7966370560649527,0.1451907250498741,0.1023864029695419,1.2016696823359354,0.0682783671471895,2845,"('2023-12-31 23:00:00+00:00', '2024-05-31 23:00:00+00:00')",0.0418277680140597
K1,00282,raw,0.1763844515441959,0.5623261795468292,0.2175276425673022,0.1406352174877399,1.053720839843081,0.0229519578085673,7512,"('2023-07-24 00:00:00+00:00', '2024-05-31 23:00:00+00:00')",
K1,00282,clean,0.1763844515441959,0.7943489729016487,0.1476254326847373,0.103521342168177,0.9815549281676464,0.0263652473208522,6187,"('2023-07-24 00:00:00+00:00', '2024-05-31 23:00:00+00:00')",
K1,00282,clean_exkl_curt,0.1763844515441959,0.793560511463857,0.1470862093449128,0.1034730095474632,0.9761868037991585,0.0268831088158256,6187,"('2023-07-24 00:00:00+00:00', '2024-05-31 23:00:00+00:00')",0.0350735412962663
K1,00298,raw,0.2121938232161874,0.4993661217009124,0.2335305928846513,0.1467553446918513,1.0057347837210482,0.0252326934880504,7512,"('2023-07-24 00:00:00+00:00', '2024-05-31 23:00:00+00:00')",
K1,00298,clean,0.2121938232161874,0.8386412129364594,0.1284111796013077,0.0907697746575178,0.903823434046064,0.0332591769294992,5918,"('2023-07-24 00:00:00+00:00', '2024-05-31 23:00:00+00:00')",
K1,00298,clean_exkl_curt,0.2121938232161874,0.8356824165171519,0.1280059486643547,0.0906066372181185,0.9013404600407052,0.0332370998244283,5918,"('2023-07-24 00:00:00+00:00', '2024-05-31 23:00:00+00:00')",0.0408921933085501
K1,01200_1,raw,0.1313897763578274,0.1972813263254659,0.2614820618665682,0.145826023975174,1.3946310747189612,0.1084805120263834,7512,"('2023-07-24 00:00:00+00:00', '2024-05-31 23:00:00+00:00')",
K1,01200_1,clean,0.1313897763578274,0.7621816759769732,0.1373324220474596,0.0929144593507678,1.2031344859041668,0.0571447616502944,6525,"('2023-07-24 00:00:00+00:00', '2024-05-31 23:00:00+00:00')",
K1,01200_1,clean_exkl_curt,0.1313897763578274,0.7493820923592026,0.1363820791850513,0.0920381641698423,1.2067114492094193,0.0557666171829413,6525,"('2023-07-24 00:00:00+00:00', '2024-05-31 23:00:00+00:00')",0.0412260536398467
K1,01200_2,raw,0.1396432374866879,0.4631530495200993,0.213191784198135,0.1366443247591733,1.3920576066533736,0.1119995502733526,7512,"('2023-07-24 00:00:00+00:00', '2024-05-31 23:00:00+00:00')",
K1,01200_2,clean,0.1396432374866879,0.582169627048033,0.171105035247487,0.1153604067496096,1.3905089950400191,0.0978012133620202,6463,"('2023-07-24 01:00:00+00:00', '2024-05-31 23:00:00+00:00')",
K1,01200_2,clean_exkl_curt,0.1396432374866879,0.5589415757816194,0.1704178469924944,0.1143554549847037,1.4013121668349573,0.0965497089056601,6463,"('2023-07-24 01:00:00+00:00', '2024-05-31 23:00:00+00:00')",0.0375986384032183
K1,01303_1,raw,0.0604446811343363,0.7652912694308875,0.114016208104095,0.0752285657331408,1.0390157819226231,0.0237433592294657,7511,"('2023-07-24 00:00:00+00:00', '2024-05-31 23:00:00+00:00')",
K1,01303_1,clean,0.0604446811343363,0.8191655484272127,0.0922874356755676,0.0650893814581908,1.0248992796066494,0.0218791193295313,7057,"('2023-07-24 00:00:00+00:00', '2024-05-31 23:00:00+00:00')",
K1,01303_1,clean_exkl_curt,0.0604446811343363,0.8100486814050502,0.0911110577229244,0.0639431356941757,1.019066211129496,0.0217720973932143,7057,"('2023-07-24 00:00:00+00:00', '2024-05-31 23:00:00+00:00')",0.0418024656369562
K1,01303_2,raw,0.075489282385834,0.7377695700552568,0.1105285224398764,0.0730658595196502,1.032545508370635,0.0290354962532222,7511,"('2023-07-24 00:00:00+00:00', '2024-05-31 23:00:00+00:00')",
K1,01303_2,clean,0.075489282385834,0.8044385465286613,0.087631818434357,0.0619425469286878,1.013017027401667,0.026822196482762,6944,"('2023-07-24 00:00:00+00:00', '2024-05-31 23:00:00+00:00')",
K1,01303_2,clean_exkl_curt,0.075489282385834,0.7957984367732995,0.0862438869465394,0.060734032275603,1.0038982425124163,0.0262239418930792,6944,"('2023-07-24 00:00:00+00:00', '2024-05-31 23:00:00+00:00')",0.0411866359447004
K1,02483,raw,0.1807774227902023,0.6214773696403847,0.2213670798391109,0.1520882161385846,1.2311025436766023,0.1151307587392381,7512,"('2023-07-24 00:00:00+00:00', '2024-05-31 23:00:00+00:00')",
K1,02483,clean,0.1807774227902023,0.7912484879168551,0.1679201984891672,0.1217777489282063,1.2139272017096807,0.1095531452942608,6154,"('2023-07-24 00:00:00+00:00', '2024-05-31 23:00:00+00:00')",
K1,02483,clean_exkl_curt,0.1807774227902023,0.7862868943284971,0.1686037419990048,0.1224994205038132,1.2210840761604638,0.1100416927370729,6154,"('2023-07-24 00:00:00+00:00', '2024-05-31 23:00:00+00:00')",0.0510237244068898
K1,04745,raw,0.0202639648046927,0.6024575923535573,0.0883564035066617,0.0504224385011999,1.2748423398374775,0.0297068421402142,7501,"('2023-07-24 00:00:00+00:00', '2024-05-31 23:00:00+00:00')",
K1,04745,clean,0.0202639648046927,0.6381867236045129,0.0810934758516072,0.048004238299089,1.2601433558898063,0.027922204529957,7349,"('2023-07-24 00:00:00+00:00', '2024-05-31 23:00:00+00:00')",
K1,04745,clean_exkl_curt,0.0202639648046927,0.6038115934006292,0.0778737858658141,0.0458598735735499,1.2633754109385271,0.0261648823134793,7349,"('2023-07-24 00:00:00+00:00', '2024-05-31 23:00:00+00:00')",0.0484419648931827
K1,05347,raw,0.2763946212222075,0.1116896373964105,0.2836281002736948,0.2045419798004608,1.7115675608343488,0.1927778229989499,7511,"('2023-07-24 00:00:00+00:00', '2024-05-31 23:00:00+00:00')",
K1,05347,clean,0.2763946212222075,0.2756030720487282,0.2403829177099441,0.1779459753700326,1.6089063585294536,0.1724900414252769,5435,"('2023-07-24 00:00:00+00:00', '2024-05-30 09:00:00+00:00')",
K1,05347,clean_exkl_curt,0.2763946212222075,0.2304761368258322,0.2405857264062156,0.1784543915959093,1.6335499102695852,0.1730069979609631,5435,"('2023-07-24 00:00:00+00:00', '2024-05-30 09:00:00+00:00')",0.0399264029438822
K1,05426,raw,0.1685303514376996,0.3047943644904205,0.2554552392431113,0.1774413761609356,1.5366285968405151,0.1515619505334061,7512,"('2023-07-24 00:00:00+00:00', '2024-05-31 23:00:00+00:00')",
K1,05426,clean,0.1685303514376996,0.4459658161691406,0.2242633232446605,0.1601093515094379,1.4708883721009407,0.1445934386259995,6246,"('2023-07-24 04:00:00+00:00', '2024-05-31 18:00:00+00:00')",
K1,05426,clean_exkl_curt,0.1685303514376996,0.4202552508467169,0.2255792970397354,0.1614175146490262,1.4845360630284177,0.1457623734581199,6246,"('2023-07-24 04:00:00+00:00', '2024-05-31 18:00:00+00:00')",0.0457893051552993
K1,07374,raw,0.0315495207667732,0.6368339846177928,0.1261926110802227,0.078031405232044,0.9886285180155449,0.0175148181181033,7512,"('2023-07-24 00:00:00+00:00', '2024-05-31 23:00:00+00:00')",
K1,07374,clean,0.0315495207667732,0.7046480241530835,0.113687037602743,0.0732905434759423,0.9565940652902764,0.0219129324773936,7275,"('2023-07-24 00:00:00+00:00', '2024-05-31 23:00:00+00:00')",
K1,07374,clean_exkl_curt,0.0315495207667732,0.7057118918835599,0.1095912354064104,0.0707571799060133,0.938554672180154,0.0215657168815286,7275,"('2023-07-24 00:00:00+00:00', '2024-05-31 23:00:00+00:00')",0.0468728522336769
K3,00198_1,raw,0.1154153354632587,0.3103638574032392,0.2281488211151381,0.1449124362350075,1.1722869574686328,0.0466601531648627,7512,"('2023-07-24 00:00:00+00:00', '2024-05-31 23:00:00+00:00')",
K3,00198_1,clean,0.1154153354632587,0.474464671958224,0.1933981955801735,0.1270279054496726,1.1260477889205176,0.0394884408966439,6645,"('2023-07-24 00:00:00+00:00', '2024-05-31 23:00:00+00:00')",
K3,00198_1,clean_exkl_curt,0.1154153354632587,0.4470005755164404,0.1933960758605384,0.1265940553174948,1.116253332432875,0.0384505442467284,6645,"('2023-07-24 00:00:00+00:00', '2024-05-31 23:00:00+00:00')",0.0495109104589917
K3,00198_2,raw,0.251301726500411,0.6325326794442931,0.2034922291203933,0.1360071418466628,1.093447099343243,0.0368625521692415,3649,"('2023-12-31 23:00:00+00:00', '2024-05-31 23:00:00+00:00')",
K3,00198_2,clean,0.251301726500411,0.844906293692328,0.1273587442666588,0.0899930546340663,1.102482729715532,0.0338681969513154,2732,"('2023-12-31 23:00:00+00:00', '2024-05-31 23:00:00+00:00')",
K3,00198_2,clean_exkl_curt,0.251301726500411,0.8416951704034279,0.1275357456749741,0.0903193034933221,1.1006932013581692,0.0330109815712904,2732,"('2023-12-31 23:00:00+00:00', '2024-05-31 23:00:00+00:00')",0.0398975109809663
K3,00282,raw,0.1817092651757188,0.501697933275894,0.2321055431845591,0.1514317537097693,0.9862923448740188,0.0331631878142416,7512,"('2023-07-24 00:00:00+00:00', '2024-05-31 23:00:00+00:00')",
K3,00282,clean,0.1817092651757188,0.7263990799252952,0.1688216382267773,0.1153564438741121,0.8895408727964809,0.0462321302755751,6147,"('2023-07-24 00:00:00+00:00', '2024-05-31 23:00:00+00:00')",
K3,00282,clean_exkl_curt,0.1817092651757188,0.7209116078738799,0.1695404430299985,0.1158578664324977,0.8835183176637996,0.0471734774778329,6147,"('2023-07-24 00:00:00+00:00', '2024-05-31 23:00:00+00:00')",0.0333496014315926
K3,00298,raw,0.2123269435569754,0.4987958621782155,0.2336635594578972,0.1468756551789536,1.0062697141894867,0.0252056994415359,7512,"('2023-07-24 00:00:00+00:00', '2024-05-31 23:00:00+00:00')",
K3,00298,clean,0.2123269435569754,0.8385598821236245,0.1284370874749079,0.0908210372946273,0.904108236225267,0.0331719986438784,5917,"('2023-07-24 00:00:00+00:00', '2024-05-31 23:00:00+00:00')",
K3,00298,clean_exkl_curt,0.2123269435569754,0.8355967948644,0.1280329752075321,0.0906600571099841,0.9016456937960872,0.0331462000899572,5917,"('2023-07-24 00:00:00+00:00', '2024-05-31 23:00:00+00:00')",0.0408991042758154
K3,01200_1,raw,0.1337859424920128,0.1996756422272043,0.2610918017223623,0.1454441012948484,1.392019798767995,0.1077626958929106,7512,"('2023-07-24 00:00:00+00:00', '2024-05-31 23:00:00+00:00')",
K3,01200_1,clean,0.1337859424920128,0.7663326392538133,0.1361151114562308,0.0921589803595684,1.2009406648223864,0.0563878223792545,6507,"('2023-07-24 00:00:00+00:00', '2024-05-31 23:00:00+00:00')",
K3,01200_1,clean_exkl_curt,0.1337859424920128,0.7535337173603862,0.1351723283299735,0.0912709840642525,1.2047756828469791,0.0550684433001485,6507,"('2023-07-24 00:00:00+00:00', '2024-05-31 23:00:00+00:00')",0.041340095282004
K3,01200_2,raw,0.1348509052183173,0.473939254115045,0.2110392171403741,0.1350262872848943,1.3854332058732428,0.1101070207637799,7512,"('2023-07-24 00:00:00+00:00', '2024-05-31 23:00:00+00:00')",
K3,01200_2,clean,0.1348509052183173,0.6113264517132317,0.1668267211378688,0.1126363042160114,1.3745299743589694,0.0950767328262153,6499,"('2023-07-24 01:00:00+00:00', '2024-05-31 23:00:00+00:00')",
K3,01200_2,clean_exkl_curt,0.1348509052183173,0.5866756560094577,0.166313970686531,0.1118294663854801,1.3862996426734957,0.0939947980554449,6499,"('2023-07-24 01:00:00+00:00', '2024-05-31 23:00:00+00:00')",0.0381597168795199
K3,01303_1,raw,0.0651045133803754,0.7606993028451157,0.115126142468039,0.0753622226793966,1.010573756650339,0.0181961654102576,7511,"('2023-07-24 00:00:00+00:00', '2024-05-31 23:00:00+00:00')",
K3,01303_1,clean,0.0651045133803754,0.8191911170152995,0.0912358682285429,0.0642969679124658,0.9906861596587307,0.0169163247781962,7022,"('2023-07-24 00:00:00+00:00', '2024-05-31 23:00:00+00:00')",
K3,01303_1,clean_exkl_curt,0.0651045133803754,0.8086019598139801,0.0900391878103256,0.0631819673170277,0.982187025489836,0.0166155267116276,7022,"('2023-07-24 00:00:00+00:00', '2024-05-31 23:00:00+00:00')",0.041868413557391
K3,01303_2,raw,0.0814804952735986,0.7332817420646802,0.1114703061230963,0.0731118139921222,0.9988114719962936,0.0250291722152466,7511,"('2023-07-24 00:00:00+00:00', '2024-05-31 23:00:00+00:00')",
K3,01303_2,clean,0.0814804952735986,0.799346796451421,0.0859675917652362,0.0608897157568072,0.9663949701662392,0.0222938222751923,6899,"('2023-07-24 00:00:00+00:00', '2024-05-31 23:00:00+00:00')",
K3,01303_2,clean_exkl_curt,0.0814804952735986,0.7898321416420638,0.0844803327824994,0.0596692088383798,0.9543196068566892,0.0217855753115993,6899,"('2023-07-24 00:00:00+00:00', '2024-05-31 23:00:00+00:00')",0.0410204377446006
K3,02483,raw,0.200612353567625,0.627918298594756,0.2194756114543848,0.1479634990510558,1.1990414069815647,0.0999999090987748,7512,"('2023-07-24 00:00:00+00:00', '2024-05-31 23:00:00+00:00')",
K3,02483,clean,0.200612353567625,0.8351002657746298,0.150150017959726,0.1070433126755042,1.1626954111318222,0.0864801254229488,6005,"('2023-07-24 00:00:00+00:00', '2024-05-31 23:00:00+00:00')",
K3,02483,clean_exkl_curt,0.200612353567625,0.833788047733118,0.1495981768553748,0.1068043055158401,1.1659517110862718,0.0855759962280953,6005,"('2023-07-24 00:00:00+00:00', '2024-05-31 23:00:00+00:00')",0.0516236469608659
K3,04745,raw,0.0227969604052793,0.6448047167316935,0.0835179629449745,0.0477897051193034,1.2236287695715238,0.0241005891246435,7501,"('2023-07-24 00:00:00+00:00', '2024-05-31 23:00:00+00:00')",
K3,04745,clean,0.0227969604052793,0.6906390011701542,0.0750739593905344,0.0450915262613137,1.2050441578604545,0.021916182634768,7330,"('2023-07-24 00:00:00+00:00', '2024-05-31 23:00:00+00:00')",
K3,04745,clean_exkl_curt,0.0227969604052793,0.6648863744393101,0.0716564422877049,0.0430087043819352,1.206825782608011,0.0204035063588055,7330,"('2023-07-24 00:00:00+00:00', '2024-05-31 23:00:00+00:00')",0.0481582537517053
K3,05347,raw,0.2689388896285448,0.1558704576843055,0.2764849153380789,0.1937479910510084,1.6644226834244342,0.180005336824933,7511,"('2023-07-24 00:00:00+00:00', '2024-05-31 23:00:00+00:00')",
K3,05347,clean,0.2689388896285448,0.3545555119872987,0.2300478111432884,0.1653933994165122,1.5472855964591476,0.1576456182564364,5491,"('2023-07-24 00:00:00+00:00', '2024-05-30 09:00:00+00:00')",
K3,05347,clean_exkl_curt,0.2689388896285448,0.3213586081768697,0.2296820713621006,0.1652035501547539,1.5660507594597712,0.1573167024702934,5491,"('2023-07-24 00:00:00+00:00', '2024-05-30 09:00:00+00:00')",0.0397013294481879
K3,05426,raw,0.1843716719914803,0.2899661455486956,0.2581652002147652,0.1775236028886449,1.510897812251428,0.1442947122161833,7512,"('2023-07-24 00:00:00+00:00', '2024-05-31 23:00:00+00:00')",
K3,05426,clean,0.1843716719914803,0.3999910715069728,0.2292752700486385,0.1624277257733866,1.4753464995577168,0.1416801355166687,6127,"('2023-07-24 04:00:00+00:00', '2024-05-31 18:00:00+00:00')",
K3,05426,clean_exkl_curt,0.1843716719914803,0.3732204316308622,0.2302950475273043,0.1632724129413677,1.4867988867927842,0.1421205789150413,6127,"('2023-07-24 04:00:00+00:00', '2024-05-31 18:00:00+00:00')",0.0450465154235351
K3,07374,raw,0.0319488817891373,0.6373882686754201,0.1260962732360836,0.0780576823993802,0.9735741556282164,0.0174179732251181,7512,"('2023-07-24 00:00:00+00:00', '2024-05-31 23:00:00+00:00')",
K3,07374,clean,0.0319488817891373,0.7032824165692506,0.1140829039015306,0.0735409444334626,0.9417228671959168,0.0223252036054973,7272,"('2023-07-24 00:00:00+00:00', '2024-05-31 23:00:00+00:00')",
K3,07374,clean_exkl_curt,0.0319488817891373,0.7037024880355849,0.1101148343415912,0.0711240598540083,0.9234928082876176,0.022150186354804,7272,"('2023-07-24 00:00:00+00:00', '2024-05-31 23:00:00+00:00')",0.0467546754675467
K5,00198_1,raw,0.1154153354632587,0.4050728124094853,0.2119044759263016,0.1345317816923441,1.0550689204193389,0.0322094762893044,7512,"('2023-07-24 00:00:00+00:00', '2024-05-31 23:00:00+00:00')",
K5,00198_1,clean,0.1154153354632587,0.5624867571345704,0.1764603195334258,0.1169850429812287,1.0066624953016328,0.0326469500814102,6645,"('2023-07-24 00:00:00+00:00', '2024-05-31 23:00:00+00:00')",
K5,00198_1,clean_exkl_curt,0.1154153354632587,0.5357423601694125,0.1772004611024633,0.117253938716042,0.9954465611348552,0.034029684058364,6645,"('2023-07-24 00:00:00+00:00', '2024-05-31 23:00:00+00:00')",0.0495109104589917
K5,00198_2,raw,0.251301726500411,0.6671998620982825,0.1936556698043499,0.1277276363865166,0.9901405188756148,0.0337621119365715,3649,"('2023-12-31 23:00:00+00:00', '2024-05-31 23:00:00+00:00')",
K5,00198_2,clean,0.251301726500411,0.8659244074012662,0.1184149521086528,0.0836246621741333,0.994696890502022,0.0257960612978043,2732,"('2023-12-31 23:00:00+00:00', '2024-05-31 23:00:00+00:00')",
K5,00198_2,clean_exkl_curt,0.251301726500411,0.8624570975542964,0.118878669491108,0.0839117289537614,0.9923628490556776,0.0264316304869576,2732,"('2023-12-31 23:00:00+00:00', '2024-05-31 23:00:00+00:00')",0.0398975109809663
K5,00282,raw,0.1817092651757188,0.4956118545271013,0.2335186674377205,0.1518240700056939,0.9126495471472074,0.0445992434456592,7512,"('2023-07-24 00:00:00+00:00', '2024-05-31 23:00:00+00:00')",
K5,00282,clean,0.1817092651757188,0.6928365770503817,0.1788768271200246,0.1194634159601508,0.8164745988539961,0.0668980607045393,6147,"('2023-07-24 00:00:00+00:00', '2024-05-31 23:00:00+00:00')",
K5,00282,clean_exkl_curt,0.1817092651757188,0.6857150482590009,0.1799136939162024,0.1203939379309614,0.810847451900583,0.0682270761028198,6147,"('2023-07-24 00:00:00+00:00', '2024-05-31 23:00:00+00:00')",0.0333496014315926
K5,00298,raw,0.2123269435569754,0.4976556506497085,0.2339291942664396,0.1468970666089788,1.0228293983981815,0.023851684352904,7512,"('2023-07-24 00:00:00+00:00', '2024-05-31 23:00:00+00:00')",
K5,00298,clean,0.2123269435569754,0.8413688757380834,0.1273148072165301,0.090201481370252,0.9217810074414848,0.0275500648296918,5917,"('2023-07-24 00:00:00+00:00', '2024-05-31 23:00:00+00:00')",
K5,00298,clean_exkl_curt,0.2123269435569754,0.8384098948720311,0.1269328640477403,0.0900086013161264,0.9196083211182698,0.0275825601374189,5917,"('2023-07-24 00:00:00+00:00', '2024-05-31 23:00:00+00:00')",0.0408991042758154
K5,01200_1,raw,0.1337859424920128,0.2983973699376129,0.2444588824216195,0.1303194814879248,1.2515708995240324,0.0691545641983212,7512,"('2023-07-24 00:00:00+00:00', '2024-05-31 23:00:00+00:00')",
K5,01200_1,clean,0.1337859424920128,0.8353056002103603,0.1142738165705673,0.0782358562351833,1.057355295396127,0.0207229447804928,6507,"('2023-07-24 00:00:00+00:00', '2024-05-31 23:00:00+00:00')",
K5,01200_1,clean_exkl_curt,0.1337859424920128,0.8264587149699724,0.1134254318909294,0.0775564709731184,1.0561625369041827,0.0202665900459982,6507,"('2023-07-24 00:00:00+00:00', '2024-05-31 23:00:00+00:00')",0.041340095282004
K5,01200_2,raw,0.1348509052183173,0.5664739562244723,0.1915811673711339,0.1178172206343387,1.2872466285330335,0.0820582332611605,7512,"('2023-07-24 00:00:00+00:00', '2024-05-31 23:00:00+00:00')",
K5,01200_2,clean,0.1348509052183173,0.7184424014481741,0.1419896693182318,0.0934408148959397,1.261626707812587,0.06642796524349,6499,"('2023-07-24 01:00:00+00:00', '2024-05-31 23:00:00+00:00')",
K5,01200_2,clean_exkl_curt,0.1348509052183173,0.6996267743440489,0.1417796333590257,0.0929727164262327,1.2693663869771958,0.0655547601714873,6499,"('2023-07-24 01:00:00+00:00', '2024-05-31 23:00:00+00:00')",0.0381597168795199
K5,01303_1,raw,0.0651045133803754,0.7538439617835532,0.1167635304576796,0.076537102578741,1.0090080900226654,0.0194970073878723,7511,"('2023-07-24 00:00:00+00:00', '2024-05-31 23:00:00+00:00')",
K5,01303_1,clean,0.0651045133803754,0.8118796586784544,0.0930622624930245,0.0654764879508059,0.9887168999357422,0.0183358652417839,7022,"('2023-07-24 00:00:00+00:00', '2024-05-31 23:00:00+00:00')",
K5,01303_1,clean_exkl_curt,0.0651045133803754,0.8002888337808169,0.0919737723072992,0.064408899860151,0.9799621291178344,0.0180849042573022,7022,"('2023-07-24 00:00:00+00:00', '2024-05-31 23:00:00+00:00')",0.041868413557391
K5,01303_2,raw,0.0814804952735986,0.7295240657479185,0.1122527878287443,0.0753230903528527,0.8055446693226127,0.0455275762096355,7511,"('2023-07-24 00:00:00+00:00', '2024-05-31 23:00:00+00:00')",
K5,01303_2,clean,0.0814804952735986,0.7767200292163062,0.0906852376124307,0.0643216939158572,0.7609347832969243,0.0456326937439604,6899,"('2023-07-24 00:00:00+00:00', '2024-05-31 23:00:00+00:00')",
K5,01303_2,clean_exkl_curt,0.0814804952735986,0.7614008968155558,0.0900133386135902,0.0636836683218081,0.7476016223351125,0.045729145061781,6899,"('2023-07-24 00:00:00+00:00', '2024-05-31 23:00:00+00:00')",0.0410204377446006
K5,02483,raw,0.200612353567625,0.6549634728320615,0.2113487328810961,0.1432918713412416,1.174819836801489,0.0910131968089675,7512,"('2023-07-24 00:00:00+00:00', '2024-05-31 23:00:00+00:00')",
K5,02483,clean,0.200612353567625,0.8461168769241685,0.1450477200002895,0.1041533462593827,1.1407383924837105,0.0787478647097343,6005,"('2023-07-24 00:00:00+00:00', '2024-05-31 23:00:00+00:00')",
K5,02483,clean_exkl_curt,0.200612353567625,0.8448986509814863,0.1445116844039405,0.1038642198065471,1.143946809923184,0.077943030167859,6005,"('2023-07-24 00:00:00+00:00', '2024-05-31 23:00:00+00:00')",0.0516236469608659
K5,04745,raw,0.0227969604052793,0.7562711488931042,0.0691830602478759,0.0401696167027365,1.0012388313611376,0.0039347510836534,7501,"('2023-07-24 00:00:00+00:00', '2024-05-31 23:00:00+00:00')",
K5,04745,clean,0.0227969604052793,0.7936729419906147,0.0613104682928255,0.0377818938093232,0.9820003360908366,0.0042957498443653,7330,"('2023-07-24 00:00:00+00:00', '2024-05-31 23:00:00+00:00')",
K5,04745,clean_exkl_curt,0.0227969604052793,0.7785328154606247,0.0582524091101431,0.0358988842363405,0.9799207670546844,0.0048743003537768,7330,"('2023-07-24 00:00:00+00:00', '2024-05-31 23:00:00+00:00')",0.0481582537517053
K5,05347,raw,0.2689388896285448,0.4480075573310833,0.2235802604906773,0.1510539755430243,1.469510883675816,0.1272183496422342,7511,"('2023-07-24 00:00:00+00:00', '2024-05-31 23:00:00+00:00')",
K5,05347,clean,0.2689388896285448,0.657415387399549,0.1675994478209218,0.1179528027530326,1.3516799647039557,0.1014246465619737,5491,"('2023-07-24 00:00:00+00:00', '2024-05-30 09:00:00+00:00')",
K5,05347,clean_exkl_curt,0.2689388896285448,0.640511820420891,0.167166492902775,0.117831950976706,1.3632420468669788,0.1010294871480967,5491,"('2023-07-24 00:00:00+00:00', '2024-05-30 09:00:00+00:00')",0.0397013294481879
K5,05426,raw,0.1843716719914803,0.3062219349605762,0.255192822094072,0.1749292669408289,1.497590654941255,0.1405363237705073,7512,"('2023-07-24 00:00:00+00:00', '2024-05-31 23:00:00+00:00')",
K5,05426,clean,0.1843716719914803,0.4189352095661615,0.2256267757290885,0.15947361611104,1.4623624137308266,0.137811922900647,6127,"('2023-07-24 04:00:00+00:00', '2024-05-31 18:00:00+00:00')",
K5,05426,clean_exkl_curt,0.1843716719914803,0.3930163667901489,0.2266290997088402,0.1602984430233262,1.4734337428787003,0.1382205607056894,6127,"('2023-07-24 04:00:00+00:00', '2024-05-31 18:00:00+00:00')",0.0450465154235351
K5,07374,raw,0.0319488817891373,0.650372134757309,0.1238181598221463,0.0771056210421883,0.9330023294386118,0.021443146731148,7512,"('2023-07-24 00:00:00+00:00', '2024-05-31 23:00:00+00:00')",
K5,07374,clean,0.0319488817891373,0.7113476225851421,0.1125217544412078,0.0728719893885633,0.9026215706380984,0.0268456575840117,7272,"('2023-07-24 00:00:00+00:00', '2024-05-31 23:00:00+00:00')",
K5,07374,clean_exkl_curt,0.0319488817891373,0.7096575778178615,0.109002654739116,0.0707133378713915,0.8844190001887825,0.027239476025857,7272,"('2023-07-24 00:00:00+00:00', '2024-05-31 23:00:00+00:00')",0.0467546754675467
K5_noage,00198_1,raw,0.1154153354632587,0.3964813514607165,0.2134290686024472,0.135460842295016,1.0780449353252353,0.0326900707658094,7512,"('2023-07-24 00:00:00+00:00', '2024-05-31 23:00:00+00:00')",
K5_noage,00198_1,clean,0.1154153354632587,0.5551922844304621,0.177925262706839,0.1177885507485639,1.0301579539977015,0.0318373275826179,6645,"('2023-07-24 00:00:00+00:00', '2024-05-31 23:00:00+00:00')",
K5_noage,00198_1,clean_exkl_curt,0.1154153354632587,0.5286774931468923,0.1785436494296787,0.1179415197188294,1.0194072294369494,0.0330899733083216,6645,"('2023-07-24 00:00:00+00:00', '2024-05-31 23:00:00+00:00')",0.0495109104589917
K5_noage,00198_2,raw,0.251301726500411,0.6674019732310976,0.1935968568613552,0.1277966045003694,0.9946717680540776,0.032733291358071,3649,"('2023-12-31 23:00:00+00:00', '2024-05-31 23:00:00+00:00')",
K5_noage,00198_2,clean,0.251301726500411,0.8660503642482842,0.1183593167824659,0.0836767867078196,0.9996883991030148,0.0246391723722045,2732,"('2023-12-31 23:00:00+00:00', '2024-05-31 23:00:00+00:00')",
K5_noage,00198_2,clean_exkl_curt,0.251301726500411,0.8626107637957172,0.1188122438773018,0.0839546646824249,0.9973927341537898,0.0252548473869957,2732,"('2023-12-31 23:00:00+00:00', '2024-05-31 23:00:00+00:00')",0.0398975109809663
K5_noage,00282,raw,0.1817092651757188,0.4982663138539629,0.2329033838409099,0.1514663472195797,0.9208811261397272,0.0427244406046061,7512,"('2023-07-24 00:00:00+00:00', '2024-05-31 23:00:00+00:00')",
K5_noage,00282,clean,0.1817092651757188,0.697814529390071,0.1774214495427082,0.1187555159647464,0.8249364098608617,0.064298371011872,6147,"('2023-07-24 00:00:00+00:00', '2024-05-31 23:00:00+00:00')",
K5_noage,00282,clean_exkl_curt,0.1817092651757188,0.6908509474022763,0.178437605552187,0.1196529242398249,0.8193566899355283,0.06559805901556,6147,"('2023-07-24 00:00:00+00:00', '2024-05-31 23:00:00+00:00')",0.0333496014315926
K5_noage,00298,raw,0.2123269435569754,0.4965503799162435,0.2341864013285285,0.146980199178752,1.032966757931755,0.0235265382091638,7512,"('2023-07-24 00:00:00+00:00', '2024-05-31 23:00:00+00:00')",
K5_noage,00298,clean,0.2123269435569754,0.842546582584287,0.1268413224154014,0.0899247517655936,0.932625789181553,0.0241348571249086,5917,"('2023-07-24 00:00:00+00:00', '2024-05-31 23:00:00+00:00')",
K5_noage,00298,clean_exkl_curt,0.2123269435569754,0.8395889097593386,0.1264689441771976,0.0897118231407228,0.930613037571534,0.0242069948942376,5917,"('2023-07-24 00:00:00+00:00', '2024-05-31 23:00:00+00:00')",0.0408991042758154
K5_noage,01200_1,raw,0.1337859424920128,0.2798411773806807,0.2476705454391144,0.1331668710551868,1.2878265694079918,0.0791209198272397,7512,"('2023-07-24 00:00:00+00:00', '2024-05-31 23:00:00+00:00')",
K5_noage,01200_1,clean,0.1337859424920128,0.8215776509984978,0.118941097861261,0.0809317895433335,1.095517792717002,0.0279877587306919,6507,"('2023-07-24 00:00:00+00:00', '2024-05-31 23:00:00+00:00')",
K5_noage,01200_1,clean_exkl_curt,0.1337859424920128,0.8120215341761475,0.1180492106673875,0.0801928649601827,1.0958700721760366,0.0271536637158273,6507,"('2023-07-24 00:00:00+00:00', '2024-05-31 23:00:00+00:00')",0.041340095282004
K5_noage,01200_2,raw,0.1348509052183173,0.5447108013006203,0.196331006299355,0.121800327357722,1.3122546595522453,0.0892020771723378,7512,"('2023-07-24 00:00:00+00:00', '2024-05-31 23:00:00+00:00')",
K5_noage,01200_2,clean,0.1348509052183173,0.6917587621129584,0.1485656788095339,0.0981091553579073,1.2902288742133246,0.0736819214359893,6499,"('2023-07-24 01:00:00+00:00', '2024-05-31 23:00:00+00:00')",
K5_noage,01200_2,clean_exkl_curt,0.1348509052183173,0.6713899560267453,0.1482940262061788,0.0975725871039323,1.2990202082003528,0.0727635369120173,6499,"('2023-07-24 01:00:00+00:00', '2024-05-31 23:00:00+00:00')",0.0381597168795199
K5_noage,01303_1,raw,0.0651045133803754,0.7296734153724092,0.122361938837296,0.0799072777967275,1.0706793177968044,0.0230894590923981,7511,"('2023-07-24 00:00:00+00:00', '2024-05-31 23:00:00+00:00')",
K5_noage,01303_1,clean,0.0651045133803754,0.7871978892268177,0.0989791439551693,0.0689025516035255,1.0539777496763505,0.020738509267909,7022,"('2023-07-24 00:00:00+00:00', '2024-05-31 23:00:00+00:00')",
K5_noage,01303_1,clean_exkl_curt,0.0651045133803754,0.774874165371547,0.097650729838553,0.0676305637688569,1.046530569763212,0.0196352050695026,7022,"('2023-07-24 00:00:00+00:00', '2024-05-31 23:00:00+00:00')",0.041868413557391
K5_noage,01303_2,raw,0.0814804952735986,0.7367912914680357,0.110734499734361,0.0730446001036372,0.9311645610588786,0.0278955694797278,7511,"('2023-07-24 00:00:00+00:00', '2024-05-31 23:00:00+00:00')",
K5_noage,01303_2,clean,0.0814804952735986,0.8000428446941757,0.085818355238846,0.0609795943287053,0.8932181746225824,0.0273906141495877,6899,"('2023-07-24 00:00:00+00:00', '2024-05-31 23:00:00+00:00')",
K5_noage,01303_2,clean_exkl_curt,0.0814804952735986,0.7883384826279627,0.0847800013580268,0.0600484424328901,0.8803437416566775,0.0271785777472573,6899,"('2023-07-24 00:00:00+00:00', '2024-05-31 23:00:00+00:00')",0.0410204377446006
K5_noage,02483,raw,0.200612353567625,0.6469143434306577,0.2137997284190728,0.1452977756991501,1.1846519569642242,0.095466017201531,7512,"('2023-07-24 00:00:00+00:00', '2024-05-31 23:00:00+00:00')",
K5_noage,02483,clean,0.200612353567625,0.8376708898937509,0.1489750756262636,0.1068017757200824,1.1512255976975403,0.0833266302374358,6005,"('2023-07-24 00:00:00+00:00', '2024-05-31 23:00:00+00:00')",
K5_noage,02483,clean_exkl_curt,0.200612353567625,0.8364053199955014,0.1484156723428097,0.1065108338233686,1.1547224535004277,0.0825651595254066,6005,"('2023-07-24 00:00:00+00:00', '2024-05-31 23:00:00+00:00')",0.0516236469608659
K5_noage,04745,raw,0.0227969604052793,0.6896265270884091,0.0780707939403986,0.0442685559041415,1.1508129979551769,0.0162657610842005,7501,"('2023-07-24 00:00:00+00:00', '2024-05-31 23:00:00+00:00')",
K5_noage,04745,clean,0.0227969604052793,0.7346460338708822,0.0695295361466066,0.0416265788041267,1.1316353235725516,0.0141114023737705,7330,"('2023-07-24 00:00:00+00:00', '2024-05-31 23:00:00+00:00')",
K5_noage,04745,clean_exkl_curt,0.0227969604052793,0.7133313098767651,0.0662749379247788,0.0396955509688143,1.1310158014128333,0.0129721420074285,7330,"('2023-07-24 00:00:00+00:00', '2024-05-31 23:00:00+00:00')",0.0481582537517053
K5_noage,05347,raw,0.2689388896285448,0.4402276579501731,0.2251503415549599,0.152451404977147,1.4770557830818754,0.1292617625251575,7511,"('2023-07-24 00:00:00+00:00', '2024-05-31 23:00:00+00:00')",
K5_noage,05347,clean,0.2689388896285448,0.649620445351752,0.1694954465002288,0.1194760252646466,1.3590172956926665,0.1035361695127445,5491,"('2023-07-24 00:00:00+00:00', '2024-05-30 09:00:00+00:00')",
K5_noage,05347,clean_exkl_curt,0.2689388896285448,0.6323086268306817,0.1690630283579114,0.1193586261848532,1.3708850505252337,0.1031519137823081,5491,"('2023-07-24 00:00:00+00:00', '2024-05-30 09:00:00+00:00')",0.0397013294481879
K5_noage,05426,raw,0.1843716719914803,0.2899661455486956,0.2581652002147652,0.1775236028886449,1.510897812251428,0.1442947122161833,7512,"('2023-07-24 00:00:00+00:00', '2024-05-31 23:00:00+00:00')",
K5_noage,05426,clean,0.1843716719914803,0.3999910715069728,0.2292752700486385,0.1624277257733866,1.4753464995577168,0.1416801355166687,6127,"('2023-07-24 04:00:00+00:00', '2024-05-31 18:00:00+00:00')",
K5_noage,05426,clean_exkl_curt,0.1843716719914803,0.3732204316308622,0.2302950475273043,0.1632724129413677,1.4867988867927842,0.1421205789150413,6127,"('2023-07-24 04:00:00+00:00', '2024-05-31 18:00:00+00:00')",0.0450465154235351
K5_noage,07374,raw,0.0319488817891373,0.607848163940752,0.1311319297523699,0.0807508646944972,1.0682947594983565,0.0182000133062807,7512,"('2023-07-24 00:00:00+00:00', '2024-05-31 23:00:00+00:00')",
K5_noage,07374,clean,0.0319488817891373,0.6827037972814669,0.1179726576023675,0.0757807313103488,1.0339861472120215,0.0198813338726253,7272,"('2023-07-24 00:00:00+00:00', '2024-05-31 23:00:00+00:00')",
K5_noage,07374,clean_exkl_curt,0.0319488817891373,0.6853178344856702,0.1134796251364861,0.0729530077131293,1.0164993264595157,0.0185077321865009,7272,"('2023-07-24 00:00:00+00:00', '2024-05-31 23:00:00+00:00')",0.0467546754675467
M1,00198_1,raw,0.097577209797657,0.4539134566641755,0.2030200635695706,0.126876294777822,1.0947358169413322,0.0255526669899314,7512,"('2023-07-24 00:00:00+00:00', '2024-05-31 23:00:00+00:00')",
M1,00198_1,clean,0.097577209797657,0.6177016616283899,0.1673491143559454,0.1096582943484508,1.0482069221308965,0.0184163451351153,6779,"('2023-07-24 00:00:00+00:00', '2024-05-31 23:00:00+00:00')",
M1,00198_1,clean_exkl_curt,0.097577209797657,0.5988606397228315,0.1668076557262084,0.1089268087300278,1.0422054915487808,0.0176717415455056,6779,"('2023-07-24 00:00:00+00:00', '2024-05-31 23:00:00+00:00')",0.0504499188670895
M1,00198_2,raw,0.1800493285831734,0.7393707362274018,0.1713760215212763,0.1165633327234069,1.0820576955710175,0.0296487383769109,3649,"('2023-12-31 23:00:00+00:00', '2024-05-31 23:00:00+00:00')",
M1,00198_2,clean,0.1800493285831734,0.8708540481155668,0.119796121021516,0.0866942924024181,1.0808861030330097,0.0309803948998528,2992,"('2023-12-31 23:00:00+00:00', '2024-05-31 23:00:00+00:00')",
M1,00198_2,clean_exkl_curt,0.1800493285831734,0.8678499431569404,0.1202011154248506,0.0871011451338271,1.0813670283006744,0.0308991879255131,2992,"('2023-12-31 23:00:00+00:00', '2024-05-31 23:00:00+00:00')",0.044451871657754
M1,00282,raw,0.1540202342917997,0.6178350806812685,0.2032659235535381,0.1294468421346135,0.957353203850938,0.0216347731015731,7512,"('2023-07-24 00:00:00+00:00', '2024-05-31 23:00:00+00:00')",
M1,00282,clean,0.1540202342917997,0.823051651582281,0.1372069415905985,0.0945690457301395,0.886657606609463,0.0402249331647518,6355,"('2023-07-24 00:00:00+00:00', '2024-05-31 23:00:00+00:00')",
M1,00282,clean_exkl_curt,0.1540202342917997,0.8218201891650523,0.1368657084396194,0.094640946852584,0.886110139588327,0.0401989707943603,6355,"('2023-07-24 00:00:00+00:00', '2024-05-31 23:00:00+00:00')",0.0358772619984264
M1,00298,raw,0.1699946751863684,0.5016270732973132,0.233002663317101,0.143800252166428,1.2821906314506573,0.0994612570193884,7512,"('2023-07-24 00:00:00+00:00', '2024-05-31 23:00:00+00:00')",
M1,00298,clean,0.1699946751863684,0.7939577602434329,0.1473041956528218,0.1002643621666923,1.194362935119074,0.0684311366355192,6235,"('2023-07-24 00:00:00+00:00', '2024-05-31 23:00:00+00:00')",
M1,00298,clean_exkl_curt,0.1699946751863684,0.7855622443046165,0.1484655706072464,0.1012558471156186,1.2022838403563247,0.0695013140811567,6235,"('2023-07-24 00:00:00+00:00', '2024-05-31 23:00:00+00:00')",0.038813151563753
M1,01200_1,raw,0.1260649627263046,0.0744906518299143,0.2807699487144863,0.1721538784140123,1.5549829470348315,0.1525597909468356,7512,"('2023-07-24 00:00:00+00:00', '2024-05-31 23:00:00+00:00')",
M1,01200_1,clean,0.1260649627263046,0.6071757526965671,0.1766242492579837,0.1250180164637694,1.4009993207368636,0.1116845569156032,6565,"('2023-07-24 00:00:00+00:00', '2024-05-31 23:00:00+00:00')",
M1,01200_1,clean_exkl_curt,0.1260649627263046,0.5809622263930402,0.176836428125715,0.1251546622384308,1.4178475677193851,0.111729544063345,6565,"('2023-07-24 00:00:00+00:00', '2024-05-31 23:00:00+00:00')",0.0405178979436405
M1,01200_2,raw,0.1333865814696485,0.3506762209948509,0.2344638395950957,0.1580904519768224,1.505051824835415,0.1442826584318031,7512,"('2023-07-24 00:00:00+00:00', '2024-05-31 23:00:00+00:00')",
M1,01200_2,clean,0.1333865814696485,0.4250405919926914,0.2002755538414614,0.1407618922537137,1.53198067451541,0.1336277684292537,6510,"('2023-07-24 01:00:00+00:00', '2024-05-31 23:00:00+00:00')",
M1,01200_2,clean_exkl_curt,0.1333865814696485,0.3884066179276672,0.2004446739344814,0.1409382874182757,1.5535845964285486,0.1339338832959849,6510,"('2023-07-24 01:00:00+00:00', '2024-05-31 23:00:00+00:00')",0.0353302611367127
M1,01303_1,raw,0.0589801624284382,0.6286829438462602,0.1434083438556687,0.0970677303677455,1.3168651286889237,0.069414309732384,7511,"('2023-07-24 00:00:00+00:00', '2024-05-31 23:00:00+00:00')",
M1,01303_1,clean,0.0589801624284382,0.6493697604361943,0.1304524315231235,0.0900478116330668,1.3394897197163034,0.0705594514266257,7068,"('2023-07-24 00:00:00+00:00', '2024-05-31 23:00:00+00:00')",
M1,01303_1,clean_exkl_curt,0.0589801624284382,0.6293311755590865,0.1287097600311671,0.0885417163767953,1.347815420905656,0.0693488191391838,7068,"('2023-07-24 00:00:00+00:00', '2024-05-31 23:00:00+00:00')",0.043859649122807
M1,01303_2,raw,0.0793502862468379,0.5986301922305093,0.1367430212333905,0.0917299641758816,1.311951708036489,0.0636622300235631,7511,"('2023-07-24 00:00:00+00:00', '2024-05-31 23:00:00+00:00')",
M1,01303_2,clean,0.0793502862468379,0.6211357095894807,0.1202378667960051,0.0828600639042827,1.3313827743575577,0.0630691623956151,6915,"('2023-07-24 00:00:00+00:00', '2024-05-31 23:00:00+00:00')",
M1,01303_2,clean_exkl_curt,0.0793502862468379,0.6038082031616456,0.1184808624818067,0.0812235363459095,1.3360787331629966,0.0617308473548398,6915,"('2023-07-24 00:00:00+00:00', '2024-05-31 23:00:00+00:00')",0.0416485900216919
M1,02483,raw,0.1769169329073482,0.7384646648054651,0.1840061328390471,0.1226847903270617,0.9291832697242944,0.0328274455378242,7512,"('2023-07-24 00:00:00+00:00', '2024-05-31 23:00:00+00:00')",
M1,02483,clean,0.1769169329073482,0.9058688627106808,0.1137660509730335,0.0839846767497247,0.9176000696412946,0.0395628543499378,6183,"('2023-07-24 00:00:00+00:00', '2024-05-31 23:00:00+00:00')",
M1,02483,clean_exkl_curt,0.1769169329073482,0.902411502469296,0.1147690623150414,0.0847431703907879,0.9157138690442428,0.0393646376358765,6183,"('2023-07-24 00:00:00+00:00', '2024-05-31 23:00:00+00:00')",0.0511078764353873
M1,04745,raw,0.0209305425943208,0.0570684190481762,0.1360775209742682,0.0864676666713745,1.720988568497008,0.07762250529522,7501,"('2023-07-24 00:00:00+00:00', '2024-05-31 23:00:00+00:00')",
M1,04745,clean,0.0209305425943208,0.0842428133206851,0.1297308827995058,0.0841109623463954,1.7146532304134583,0.0760349320507126,7344,"('2023-07-24 00:00:00+00:00', '2024-05-31 23:00:00+00:00')",
M1,04745,clean_exkl_curt,0.0209305425943208,-0.0019340619964121,0.1248378737536652,0.0808204231407689,1.747918066998308,0.0734648839047212,7344,"('2023-07-24 00:00:00+00:00', '2024-05-31 23:00:00+00:00')",0.0482026143790849
M1,05347,raw,0.2584209825589135,0.1243678142974481,0.281596822634328,0.1995587190640344,1.6748569604047083,0.1828321902560629,7511,"('2023-07-24 00:00:00+00:00', '2024-05-31 23:00:00+00:00')",
M1,05347,clean,0.2584209825589135,0.3363979147036272,0.2362632343368788,0.1704201028874065,1.5700632895374866,0.1638780636881986,5570,"('2023-07-24 00:00:00+00:00', '2024-05-30 15:00:00+00:00')",
M1,05347,clean_exkl_curt,0.2584209825589135,0.2867592729686714,0.237835488592358,0.1720913958675016,1.59738138899181,0.1656767244864646,5570,"('2023-07-24 00:00:00+00:00', '2024-05-30 15:00:00+00:00')",0.041113105924596
M1,05426,raw,0.1516240681576145,0.6686873951574714,0.1763506853367144,0.1106021599502119,1.1089146506374612,0.0309427778104115,7512,"('2023-07-24 00:00:00+00:00', '2024-05-31 23:00:00+00:00')",
M1,05426,clean,0.1516240681576145,0.8375215974140996,0.122268297525167,0.085070898659595,1.0606617670026826,0.0192959208202684,6373,"('2023-07-24 04:00:00+00:00', '2024-05-31 18:00:00+00:00')",
M1,05426,clean_exkl_curt,0.1516240681576145,0.8322446798976428,0.1220033097310288,0.0851016960787499,1.0615083686141282,0.0191094567387753,6373,"('2023-07-24 04:00:00+00:00', '2024-05-31 18:00:00+00:00')",0.0458182959359799
M1,07374,raw,0.0308839190628328,0.6534919838077367,0.123264485999772,0.0745389466313311,1.1237905845060352,0.0237971807991458,7512,"('2023-07-24 00:00:00+00:00', '2024-05-31 23:00:00+00:00')",
M1,07374,clean,0.0308839190628328,0.7316680345971363,0.1085015907143692,0.0690847028428891,1.0882682289050702,0.0184063902453634,7280,"('2023-07-24 00:00:00+00:00', '2024-05-31 23:00:00+00:00')",
M1,07374,clean_exkl_curt,0.0308839190628328,0.7369275634755403,0.1037840040895455,0.0662674867952439,1.080212254948999,0.0164296356231247,7280,"('2023-07-24 00:00:00+00:00', '2024-05-31 23:00:00+00:00')",0.0471153846153846
M1noage,00198_1,raw,0.097577209797657,0.4539134566641755,0.2030200635695706,0.126876294777822,1.0947358169413322,0.0255526669899314,7512,"('2023-07-24 00:00:00+00:00', '2024-05-31 23:00:00+00:00')",
M1noage,00198_1,clean,0.097577209797657,0.6177016616283899,0.1673491143559454,0.1096582943484508,1.0482069221308965,0.0184163451351153,6779,"('2023-07-24 00:00:00+00:00', '2024-05-31 23:00:00+00:00')",
M1noage,00198_1,clean_exkl_curt,0.097577209797657,0.5988606397228315,0.1668076557262084,0.1089268087300278,1.0422054915487808,0.0176717415455056,6779,"('2023-07-24 00:00:00+00:00', '2024-05-31 23:00:00+00:00')",0.0504499188670895
M1noage,00198_2,raw,0.1800493285831734,0.7393707362274018,0.1713760215212763,0.1165633327234069,1.0820576955710175,0.0296487383769109,3649,"('2023-12-31 23:00:00+00:00', '2024-05-31 23:00:00+00:00')",
M1noage,00198_2,clean,0.1800493285831734,0.8708540481155668,0.119796121021516,0.0866942924024181,1.0808861030330097,0.0309803948998528,2992,"('2023-12-31 23:00:00+00:00', '2024-05-31 23:00:00+00:00')",
M1noage,00198_2,clean_exkl_curt,0.1800493285831734,0.8678499431569404,0.1202011154248506,0.0871011451338271,1.0813670283006744,0.0308991879255131,2992,"('2023-12-31 23:00:00+00:00', '2024-05-31 23:00:00+00:00')",0.044451871657754
M1noage,00282,raw,0.1540202342917997,0.6204803555198276,0.2025612174239422,0.1283910121471219,0.9848480296711148,0.0165107520877477,7512,"('2023-07-24 00:00:00+00:00', '2024-05-31 23:00:00+00:00')",
M1noage,00282,clean,0.1540202342917997,0.8317964374435248,0.1337736023027883,0.0924683327393949,0.9149344453058218,0.0302073778121983,6355,"('2023-07-24 00:00:00+00:00', '2024-05-31 23:00:00+00:00')",
M1noage,00282,clean_exkl_curt,0.1540202342917997,0.83059136189929,0.1334544864874061,0.0925501235914406,0.914631526970112,0.0301983943065718,6355,"('2023-07-24 00:00:00+00:00', '2024-05-31 23:00:00+00:00')",0.0358772619984264
M1noage,00298,raw,0.1699946751863684,0.472221212072674,0.2397781637254012,0.1499209573705539,1.3138266489373107,0.1106116072594201,7512,"('2023-07-24 00:00:00+00:00', '2024-05-31 23:00:00+00:00')",
M1noage,00298,clean,0.1699946751863684,0.7643572904876216,0.1575302599973199,0.1073026270997952,1.227661953884097,0.0800323567363194,6235,"('2023-07-24 00:00:00+00:00', '2024-05-31 23:00:00+00:00')",
M1noage,00298,clean_exkl_curt,0.1699946751863684,0.75481415136037,0.158753323266766,0.1083283385406372,1.236439891707154,0.0811092763113191,6235,"('2023-07-24 00:00:00+00:00', '2024-05-31 23:00:00+00:00')",0.038813151563753
M1noage,01200_1,raw,0.1260649627263046,0.0744906518299143,0.2807699487144863,0.1721538784140123,1.5549829470348315,0.1525597909468356,7512,"('2023-07-24 00:00:00+00:00', '2024-05-31 23:00:00+00:00')",
M1noage,01200_1,clean,0.1260649627263046,0.6071757526965671,0.1766242492579837,0.1250180164637694,1.4009993207368636,0.1116845569156032,6565,"('2023-07-24 00:00:00+00:00', '2024-05-31 23:00:00+00:00')",
M1noage,01200_1,clean_exkl_curt,0.1260649627263046,0.5809622263930402,0.176836428125715,0.1251546622384308,1.4178475677193851,0.111729544063345,6565,"('2023-07-24 00:00:00+00:00', '2024-05-31 23:00:00+00:00')",0.0405178979436405
M1noage,01200_2,raw,0.1333865814696485,0.3506762209948509,0.2344638395950957,0.1580904519768224,1.505051824835415,0.1442826584318031,7512,"('2023-07-24 00:00:00+00:00', '2024-05-31 23:00:00+00:00')",
M1noage,01200_2,clean,0.1333865814696485,0.4250405919926914,0.2002755538414614,0.1407618922537137,1.53198067451541,0.1336277684292537,6510,"('2023-07-24 01:00:00+00:00', '2024-05-31 23:00:00+00:00')",
M1noage,01200_2,clean_exkl_curt,0.1333865814696485,0.3884066179276672,0.2004446739344814,0.1409382874182757,1.5535845964285486,0.1339338832959849,6510,"('2023-07-24 01:00:00+00:00', '2024-05-31 23:00:00+00:00')",0.0353302611367127
M1noage,01303_1,raw,0.0589801624284382,0.5185354445817175,0.1632992279199647,0.1123714108684373,1.4130777763382365,0.090365291063806,7511,"('2023-07-24 00:00:00+00:00', '2024-05-31 23:00:00+00:00')",
M1noage,01303_1,clean,0.0589801624284382,0.5202705691836531,0.1525898603440044,0.1063957473117311,1.4424875718058554,0.0917410184235438,7068,"('2023-07-24 00:00:00+00:00', '2024-05-31 23:00:00+00:00')",
M1noage,01303_1,clean_exkl_curt,0.0589801624284382,0.4909238095101345,0.1508376796626745,0.1048042838356233,1.454395713043703,0.0903641742362724,7068,"('2023-07-24 00:00:00+00:00', '2024-05-31 23:00:00+00:00')",0.043859649122807
M1noage,01303_2,raw,0.0793502862468379,0.5986301922305093,0.1367430212333905,0.0917299641758816,1.311951708036489,0.0636622300235631,7511,"('2023-07-24 00:00:00+00:00', '2024-05-31 23:00:00+00:00')",
M1noage,01303_2,clean,0.0793502862468379,0.6211357095894807,0.1202378667960051,0.0828600639042827,1.3313827743575577,0.0630691623956151,6915,"('2023-07-24 00:00:00+00:00', '2024-05-31 23:00:00+00:00')",
M1noage,01303_2,clean_exkl_curt,0.0793502862468379,0.6038082031616456,0.1184808624818067,0.0812235363459095,1.3360787331629966,0.0617308473548398,6915,"('2023-07-24 00:00:00+00:00', '2024-05-31 23:00:00+00:00')",0.0416485900216919
M1noage,02483,raw,0.1769169329073482,0.7429960376288749,0.1824051185149637,0.1209002519437528,0.9557552369683924,0.0205824681662125,7512,"('2023-07-24 00:00:00+00:00', '2024-05-31 23:00:00+00:00')",
M1noage,02483,clean,0.1769169329073482,0.9134260613154396,0.1091037350307286,0.0812680337906117,0.9445735649146492,0.0336506757590878,6183,"('2023-07-24 00:00:00+00:00', '2024-05-31 23:00:00+00:00')",
M1noage,02483,clean_exkl_curt,0.1769169329073482,0.9103083350989174,0.1100275798508687,0.0819854045318909,0.9435913366298208,0.0332836276597823,6183,"('2023-07-24 00:00:00+00:00', '2024-05-31 23:00:00+00:00')",0.0511078764353873
M1noage,04745,raw,0.0209305425943208,0.0570684190481762,0.1360775209742682,0.0864676666713745,1.720988568497008,0.07762250529522,7501,"('2023-07-24 00:00:00+00:00', '2024-05-31 23:00:00+00:00')",
M1noage,04745,clean,0.0209305425943208,0.0842428133206851,0.1297308827995058,0.0841109623463954,1.7146532304134583,0.0760349320507126,7344,"('2023-07-24 00:00:00+00:00', '2024-05-31 23:00:00+00:00')",
M1noage,04745,clean_exkl_curt,0.0209305425943208,-0.0019340619964121,0.1248378737536652,0.0808204231407689,1.747918066998308,0.0734648839047212,7344,"('2023-07-24 00:00:00+00:00', '2024-05-31 23:00:00+00:00')",0.0482026143790849
M1noage,05347,raw,0.2584209825589135,0.1243678142974481,0.281596822634328,0.1995587190640344,1.6748569604047083,0.1828321902560629,7511,"('2023-07-24 00:00:00+00:00', '2024-05-31 23:00:00+00:00')",
M1noage,05347,clean,0.2584209825589135,0.3363979147036272,0.2362632343368788,0.1704201028874065,1.5700632895374866,0.1638780636881986,5570,"('2023-07-24 00:00:00+00:00', '2024-05-30 15:00:00+00:00')",
M1noage,05347,clean_exkl_curt,0.2584209825589135,0.2867592729686714,0.237835488592358,0.1720913958675016,1.59738138899181,0.1656767244864646,5570,"('2023-07-24 00:00:00+00:00', '2024-05-30 15:00:00+00:00')",0.041113105924596
M1noage,05426,raw,0.1516240681576145,0.6686873951574714,0.1763506853367144,0.1106021599502119,1.1089146506374612,0.0309427778104115,7512,"('2023-07-24 00:00:00+00:00', '2024-05-31 23:00:00+00:00')",
M1noage,05426,clean,0.1516240681576145,0.8375215974140996,0.122268297525167,0.085070898659595,1.0606617670026826,0.0192959208202684,6373,"('2023-07-24 04:00:00+00:00', '2024-05-31 18:00:00+00:00')",
M1noage,05426,clean_exkl_curt,0.1516240681576145,0.8322446798976428,0.1220033097310288,0.0851016960787499,1.0615083686141282,0.0191094567387753,6373,"('2023-07-24 04:00:00+00:00', '2024-05-31 18:00:00+00:00')",0.0458182959359799
M1noage,07374,raw,0.0308839190628328,0.5518582774782101,0.1401809554006387,0.0865807252277724,1.2632834212637352,0.050609440152802,7512,"('2023-07-24 00:00:00+00:00', '2024-05-31 23:00:00+00:00')",
M1noage,07374,clean,0.0308839190628328,0.6431007276459009,0.1251332518428134,0.0806603181579866,1.2238006173669993,0.0443978967191958,7280,"('2023-07-24 00:00:00+00:00', '2024-05-31 23:00:00+00:00')",
M1noage,07374,clean_exkl_curt,0.0308839190628328,0.6482727565015756,0.1200040084437749,0.0775396035641628,1.217843857227742,0.0415444603365816,7280,"('2023-07-24 00:00:00+00:00', '2024-05-31 23:00:00+00:00')",0.0471153846153846
M2,00198_1,raw,0.097577209797657,0.4539134566641755,0.2030200635695706,0.126876294777822,1.0947358169413322,0.0255526669899314,7512,"('2023-07-24 00:00:00+00:00', '2024-05-31 23:00:00+00:00')",
M2,00198_1,clean,0.097577209797657,0.6177016616283899,0.1673491143559454,0.1096582943484508,1.0482069221308965,0.0184163451351153,6779,"('2023-07-24 00:00:00+00:00', '2024-05-31 23:00:00+00:00')",
M2,00198_1,clean_exkl_curt,0.097577209797657,0.5988606397228315,0.1668076557262084,0.1089268087300278,1.0422054915487808,0.0176717415455056,6779,"('2023-07-24 00:00:00+00:00', '2024-05-31 23:00:00+00:00')",0.0504499188670895
M2,00198_2,raw,0.1800493285831734,0.7393707362274018,0.1713760215212763,0.1165633327234069,1.0820576955710175,0.0296487383769109,3649,"('2023-12-31 23:00:00+00:00', '2024-05-31 23:00:00+00:00')",
M2,00198_2,clean,0.1800493285831734,0.8708540481155668,0.119796121021516,0.0866942924024181,1.0808861030330097,0.0309803948998528,2992,"('2023-12-31 23:00:00+00:00', '2024-05-31 23:00:00+00:00')",
M2,00198_2,clean_exkl_curt,0.1800493285831734,0.8678499431569404,0.1202011154248506,0.0871011451338271,1.0813670283006744,0.0308991879255131,2992,"('2023-12-31 23:00:00+00:00', '2024-05-31 23:00:00+00:00')",0.044451871657754
M2,00282,raw,0.1540202342917997,0.6178350806812685,0.2032659235535381,0.1294468421346135,0.957353203850938,0.0216347731015731,7512,"('2023-07-24 00:00:00+00:00', '2024-05-31 23:00:00+00:00')",
M2,00282,clean,0.1540202342917997,0.823051651582281,0.1372069415905985,0.0945690457301395,0.886657606609463,0.0402249331647518,6355,"('2023-07-24 00:00:00+00:00', '2024-05-31 23:00:00+00:00')",
M2,00282,clean_exkl_curt,0.1540202342917997,0.8218201891650523,0.1368657084396194,0.094640946852584,0.886110139588327,0.0401989707943603,6355,"('2023-07-24 00:00:00+00:00', '2024-05-31 23:00:00+00:00')",0.0358772619984264
M2,00298,raw,0.1699946751863684,0.5016270732973132,0.233002663317101,0.143800252166428,1.2821906314506573,0.0994612570193884,7512,"('2023-07-24 00:00:00+00:00', '2024-05-31 23:00:00+00:00')",
M2,00298,clean,0.1699946751863684,0.7939577602434329,0.1473041956528218,0.1002643621666923,1.194362935119074,0.0684311366355192,6235,"('2023-07-24 00:00:00+00:00', '2024-05-31 23:00:00+00:00')",
M2,00298,clean_exkl_curt,0.1699946751863684,0.7855622443046165,0.1484655706072464,0.1012558471156186,1.2022838403563247,0.0695013140811567,6235,"('2023-07-24 00:00:00+00:00', '2024-05-31 23:00:00+00:00')",0.038813151563753
M2,01200_1,raw,0.1260649627263046,0.0744906518299143,0.2807699487144863,0.1721538784140123,1.5549829470348315,0.1525597909468356,7512,"('2023-07-24 00:00:00+00:00', '2024-05-31 23:00:00+00:00')",
M2,01200_1,clean,0.1260649627263046,0.6071757526965671,0.1766242492579837,0.1250180164637694,1.4009993207368636,0.1116845569156032,6565,"('2023-07-24 00:00:00+00:00', '2024-05-31 23:00:00+00:00')",
M2,01200_1,clean_exkl_curt,0.1260649627263046,0.5809622263930402,0.176836428125715,0.1251546622384308,1.4178475677193851,0.111729544063345,6565,"('2023-07-24 00:00:00+00:00', '2024-05-31 23:00:00+00:00')",0.0405178979436405
M2,01200_2,raw,0.1333865814696485,0.3506762209948509,0.2344638395950957,0.1580904519768224,1.505051824835415,0.1442826584318031,7512,"('2023-07-24 00:00:00+00:00', '2024-05-31 23:00:00+00:00')",
M2,01200_2,clean,0.1333865814696485,0.4250405919926914,0.2002755538414614,0.1407618922537137,1.53198067451541,0.1336277684292537,6510,"('2023-07-24 01:00:00+00:00', '2024-05-31 23:00:00+00:00')",
M2,01200_2,clean_exkl_curt,0.1333865814696485,0.3884066179276672,0.2004446739344814,0.1409382874182757,1.5535845964285486,0.1339338832959849,6510,"('2023-07-24 01:00:00+00:00', '2024-05-31 23:00:00+00:00')",0.0353302611367127
M2,01303_1,raw,0.0589801624284382,0.6286829438462602,0.1434083438556687,0.0970677303677455,1.3168651286889237,0.069414309732384,7511,"('2023-07-24 00:00:00+00:00', '2024-05-31 23:00:00+00:00')",
M2,01303_1,clean,0.0589801624284382,0.6493697604361943,0.1304524315231235,0.0900478116330668,1.3394897197163034,0.0705594514266257,7068,"('2023-07-24 00:00:00+00:00', '2024-05-31 23:00:00+00:00')",
M2,01303_1,clean_exkl_curt,0.0589801624284382,0.6293311755590865,0.1287097600311671,0.0885417163767953,1.347815420905656,0.0693488191391838,7068,"('2023-07-24 00:00:00+00:00', '2024-05-31 23:00:00+00:00')",0.043859649122807
M2,01303_2,raw,0.0793502862468379,0.5986301922305093,0.1367430212333905,0.0917299641758816,1.311951708036489,0.0636622300235631,7511,"('2023-07-24 00:00:00+00:00', '2024-05-31 23:00:00+00:00')",
M2,01303_2,clean,0.0793502862468379,0.6211357095894807,0.1202378667960051,0.0828600639042827,1.3313827743575577,0.0630691623956151,6915,"('2023-07-24 00:00:00+00:00', '2024-05-31 23:00:00+00:00')",
M2,01303_2,clean_exkl_curt,0.0793502862468379,0.6038082031616456,0.1184808624818067,0.0812235363459095,1.3360787331629966,0.0617308473548398,6915,"('2023-07-24 00:00:00+00:00', '2024-05-31 23:00:00+00:00')",0.0416485900216919
M2,02483,raw,0.1769169329073482,0.7384646648054651,0.1840061328390471,0.1226847903270617,0.9291832697242944,0.0328274455378242,7512,"('2023-07-24 00:00:00+00:00', '2024-05-31 23:00:00+00:00')",
M2,02483,clean,0.1769169329073482,0.9058688627106808,0.1137660509730335,0.0839846767497247,0.9176000696412946,0.0395628543499378,6183,"('2023-07-24 00:00:00+00:00', '2024-05-31 23:00:00+00:00')",
M2,02483,clean_exkl_curt,0.1769169329073482,0.902411502469296,0.1147690623150414,0.0847431703907879,0.9157138690442428,0.0393646376358765,6183,"('2023-07-24 00:00:00+00:00', '2024-05-31 23:00:00+00:00')",0.0511078764353873
M2,04745,raw,0.0129316091187842,0.525112903436082,0.0965698335162219,0.0552557431361458,1.2856266795365174,0.0347067039996131,7501,"('2023-07-24 00:00:00+00:00', '2024-05-31 23:00:00+00:00')",
M2,04745,clean,0.0129316091187842,0.5758900900457518,0.0886387317332312,0.0523266807437218,1.2737154977686025,0.0332613963913678,7404,"('2023-07-24 00:00:00+00:00', '2024-05-31 23:00:00+00:00')",
M2,04745,clean_exkl_curt,0.0129316091187842,0.5481310124887515,0.0842162824386961,0.0496215887107707,1.282001628539451,0.0321569514185244,7404,"('2023-07-24 00:00:00+00:00', '2024-05-31 23:00:00+00:00')",0.0479470556455969
M2,05347,raw,0.2312608174677139,0.571035684815532,0.19709584756639,0.1227897991048961,1.1936722622871154,0.0524776805854354,7511,"('2023-07-24 00:00:00+00:00', '2024-05-31 23:00:00+00:00')",
M2,05347,clean,0.2312608174677139,0.8082106781162451,0.1245202427639229,0.082291732485089,1.0778212136027214,0.0388609946012249,5774,"('2023-07-24 00:00:00+00:00', '2024-05-30 20:00:00+00:00')",
M2,05347,clean_exkl_curt,0.2312608174677139,0.7944722558772038,0.1248113004970521,0.0826490423690394,1.0783941873520502,0.0388934503593952,5774,"('2023-07-24 00:00:00+00:00', '2024-05-30 20:00:00+00:00')",0.0394873571181156
M2,05426,raw,0.1516240681576145,0.6686873951574714,0.1763506853367144,0.1106021599502119,1.1089146506374612,0.0309427778104115,7512,"('2023-07-24 00:00:00+00:00', '2024-05-31 23:00:00+00:00')",
M2,05426,clean,0.1516240681576145,0.8375215974140996,0.122268297525167,0.085070898659595,1.0606617670026826,0.0192959208202684,6373,"('2023-07-24 04:00:00+00:00', '2024-05-31 18:00:00+00:00')",
M2,05426,clean_exkl_curt,0.1516240681576145,0.8322446798976428,0.1220033097310288,0.0851016960787499,1.0615083686141282,0.0191094567387753,6373,"('2023-07-24 04:00:00+00:00', '2024-05-31 18:00:00+00:00')",0.0458182959359799
M2,07374,raw,0.0308839190628328,0.6534919838077367,0.123264485999772,0.0745389466313311,1.1237905845060352,0.0237971807991458,7512,"('2023-07-24 00:00:00+00:00', '2024-05-31 23:00:00+00:00')",
M2,07374,clean,0.0308839190628328,0.7316680345971363,0.1085015907143692,0.0690847028428891,1.0882682289050702,0.0184063902453634,7280,"('2023-07-24 00:00:00+00:00', '2024-05-31 23:00:00+00:00')",
M2,07374,clean_exkl_curt,0.0308839190628328,0.7369275634755403,0.1037840040895455,0.0662674867952439,1.080212254948999,0.0164296356231247,7280,"('2023-07-24 00:00:00+00:00', '2024-05-31 23:00:00+00:00')",0.0471153846153846
M2_simgate,00198_1,raw,0.097577209797657,0.4539134566641755,0.2030200635695706,0.126876294777822,1.0947358169413322,0.0255526669899314,7512,"('2023-07-24 00:00:00+00:00', '2024-05-31 23:00:00+00:00')",
M2_simgate,00198_1,clean,0.097577209797657,0.6177016616283899,0.1673491143559454,0.1096582943484508,1.0482069221308965,0.0184163451351153,6779,"('2023-07-24 00:00:00+00:00', '2024-05-31 23:00:00+00:00')",
M2_simgate,00198_1,clean_exkl_curt,0.097577209797657,0.5988606397228315,0.1668076557262084,0.1089268087300278,1.0422054915487808,0.0176717415455056,6779,"('2023-07-24 00:00:00+00:00', '2024-05-31 23:00:00+00:00')",0.0504499188670895
M2_simgate,00198_2,raw,0.1764867086873116,0.6734446029998381,0.1918301651879736,0.1270863925955939,1.1214580089124468,0.0441868004986797,3649,"('2023-12-31 23:00:00+00:00', '2024-05-31 23:00:00+00:00')",
M2_simgate,00198_2,clean,0.1764867086873116,0.8404747457399872,0.1334359154676452,0.0914057339385408,1.1236689300455698,0.0437609743219917,3005,"('2023-12-31 23:00:00+00:00', '2024-05-31 23:00:00+00:00')",
M2_simgate,00198_2,clean_exkl_curt,0.1764867086873116,0.8368611552090756,0.1337352421356696,0.0919803866420383,1.1239212334737223,0.0435822717794435,3005,"('2023-12-31 23:00:00+00:00', '2024-05-31 23:00:00+00:00')",0.0429284525790349
M2_simgate,00282,raw,0.134318423855165,0.3229586324881215,0.2705495218937186,0.1899081269588823,0.6002232810318457,0.1436878041263281,7512,"('2023-07-24 00:00:00+00:00', '2024-05-31 23:00:00+00:00')",
M2_simgate,00282,clean,0.134318423855165,0.4764473588115192,0.2366062110766462,0.1680154422748593,0.5281744503994734,0.1628409894764281,6503,"('2023-07-24 00:00:00+00:00', '2024-05-31 23:00:00+00:00')",
M2_simgate,00282,clean_exkl_curt,0.134318423855165,0.4683865800673453,0.2370132192140078,0.1685792936374736,0.5242153120718785,0.1634099994817758,6503,"('2023-07-24 00:00:00+00:00', '2024-05-31 23:00:00+00:00')",0.0356758419191142
M2_simgate,00298,raw,0.1699946751863684,0.472221212072674,0.2397781637254012,0.1499209573705539,1.3138266489373107,0.1106116072594201,7512,"('2023-07-24 00:00:00+00:00', '2024-05-31 23:00:00+00:00')",
M2_simgate,00298,clean,0.1699946751863684,0.7643572904876216,0.1575302599973199,0.1073026270997952,1.227661953884097,0.0800323567363194,6235,"('2023-07-24 00:00:00+00:00', '2024-05-31 23:00:00+00:00')",
M2_simgate,00298,clean_exkl_curt,0.1699946751863684,0.75481415136037,0.158753323266766,0.1083283385406372,1.236439891707154,0.0811092763113191,6235,"('2023-07-24 00:00:00+00:00', '2024-05-31 23:00:00+00:00')",0.038813151563753
M2_simgate,01200_1,raw,0.1260649627263046,0.0744906518299143,0.2807699487144863,0.1721538784140123,1.5549829470348315,0.1525597909468356,7512,"('2023-07-24 00:00:00+00:00', '2024-05-31 23:00:00+00:00')",
M2_simgate,01200_1,clean,0.1260649627263046,0.6071757526965671,0.1766242492579837,0.1250180164637694,1.4009993207368636,0.1116845569156032,6565,"('2023-07-24 00:00:00+00:00', '2024-05-31 23:00:00+00:00')",
M2_simgate,01200_1,clean_exkl_curt,0.1260649627263046,0.5809622263930402,0.176836428125715,0.1251546622384308,1.4178475677193851,0.111729544063345,6565,"('2023-07-24 00:00:00+00:00', '2024-05-31 23:00:00+00:00')",0.0405178979436405
M2_simgate,01200_2,raw,0.1333865814696485,0.3506762209948509,0.2344638395950957,0.1580904519768224,1.505051824835415,0.1442826584318031,7512,"('2023-07-24 00:00:00+00:00', '2024-05-31 23:00:00+00:00')",
M2_simgate,01200_2,clean,0.1333865814696485,0.4250405919926914,0.2002755538414614,0.1407618922537137,1.53198067451541,0.1336277684292537,6510,"('2023-07-24 01:00:00+00:00', '2024-05-31 23:00:00+00:00')",
M2_simgate,01200_2,clean_exkl_curt,0.1333865814696485,0.3884066179276672,0.2004446739344814,0.1409382874182757,1.5535845964285486,0.1339338832959849,6510,"('2023-07-24 01:00:00+00:00', '2024-05-31 23:00:00+00:00')",0.0353302611367127
M2_simgate,01303_1,raw,0.0589801624284382,0.5185354445817175,0.1632992279199647,0.1123714108684373,1.4130777763382365,0.090365291063806,7511,"('2023-07-24 00:00:00+00:00', '2024-05-31 23:00:00+00:00')",
M2_simgate,01303_1,clean,0.0589801624284382,0.5202705691836531,0.1525898603440044,0.1063957473117311,1.4424875718058554,0.0917410184235438,7068,"('2023-07-24 00:00:00+00:00', '2024-05-31 23:00:00+00:00')",
M2_simgate,01303_1,clean_exkl_curt,0.0589801624284382,0.4909238095101345,0.1508376796626745,0.1048042838356233,1.454395713043703,0.0903641742362724,7068,"('2023-07-24 00:00:00+00:00', '2024-05-31 23:00:00+00:00')",0.043859649122807
M2_simgate,01303_2,raw,0.0793502862468379,0.5986301922305093,0.1367430212333905,0.0917299641758816,1.311951708036489,0.0636622300235631,7511,"('2023-07-24 00:00:00+00:00', '2024-05-31 23:00:00+00:00')",
M2_simgate,01303_2,clean,0.0793502862468379,0.6211357095894807,0.1202378667960051,0.0828600639042827,1.3313827743575577,0.0630691623956151,6915,"('2023-07-24 00:00:00+00:00', '2024-05-31 23:00:00+00:00')",
M2_simgate,01303_2,clean_exkl_curt,0.0793502862468379,0.6038082031616456,0.1184808624818067,0.0812235363459095,1.3360787331629966,0.0617308473548398,6915,"('2023-07-24 00:00:00+00:00', '2024-05-31 23:00:00+00:00')",0.0416485900216919
M2_simgate,02483,raw,0.1853035143769967,-0.0140686356076429,0.3623270738848425,0.2774815910764049,1.5410246889560892,0.2552850567556954,7512,"('2023-07-24 00:00:00+00:00', '2024-05-31 23:00:00+00:00')",
M2_simgate,02483,clean,0.1853035143769967,0.111469948331513,0.3483462849342015,0.2710872802734249,1.557589456843027,0.2626309188456933,6120,"('2023-07-24 00:00:00+00:00', '2024-05-31 23:00:00+00:00')",
M2_simgate,02483,clean_exkl_curt,0.1853035143769967,0.0740425034872425,0.3523316719560688,0.2758620182427109,1.5810841497106265,0.267496148358017,6120,"('2023-07-24 00:00:00+00:00', '2024-05-31 23:00:00+00:00')",0.0503267973856209
M2_simgate,04745,raw,0.0129316091187842,0.525112903436082,0.0965698335162219,0.0552557431361458,1.2856266795365174,0.0347067039996131,7501,"('2023-07-24 00:00:00+00:00', '2024-05-31 23:00:00+00:00')",
M2_simgate,04745,clean,0.0129316091187842,0.5758900900457518,0.0886387317332312,0.0523266807437218,1.2737154977686025,0.0332613963913678,7404,"('2023-07-24 00:00:00+00:00', '2024-05-31 23:00:00+00:00')",
M2_simgate,04745,clean_exkl_curt,0.0129316091187842,0.5481310124887515,0.0842162824386961,0.0496215887107707,1.282001628539451,0.0321569514185244,7404,"('2023-07-24 00:00:00+00:00', '2024-05-31 23:00:00+00:00')",0.0479470556455969
M2_simgate,05347,raw,0.2312608174677139,0.571035684815532,0.19709584756639,0.1227897991048961,1.1936722622871154,0.0524776805854354,7511,"('2023-07-24 00:00:00+00:00', '2024-05-31 23:00:00+00:00')",
M2_simgate,05347,clean,0.2312608174677139,0.8082106781162451,0.1245202427639229,0.082291732485089,1.0778212136027214,0.0388609946012249,5774,"('2023-07-24 00:00:00+00:00', '2024-05-30 20:00:00+00:00')",
M2_simgate,05347,clean_exkl_curt,0.2312608174677139,0.7944722558772038,0.1248113004970521,0.0826490423690394,1.0783941873520502,0.0388934503593952,5774,"('2023-07-24 00:00:00+00:00', '2024-05-30 20:00:00+00:00')",0.0394873571181156
M2_simgate,05426,raw,0.1516240681576145,0.6686873951574714,0.1763506853367144,0.1106021599502119,1.1089146506374612,0.0309427778104115,7512,"('2023-07-24 00:00:00+00:00', '2024-05-31 23:00:00+00:00')",
M2_simgate,05426,clean,0.1516240681576145,0.8375215974140996,0.122268297525167,0.085070898659595,1.0606617670026826,0.0192959208202684,6373,"('2023-07-24 04:00:00+00:00', '2024-05-31 18:00:00+00:00')",
M2_simgate,05426,clean_exkl_curt,0.1516240681576145,0.8322446798976428,0.1220033097310288,0.0851016960787499,1.0615083686141282,0.0191094567387753,6373,"('2023-07-24 04:00:00+00:00', '2024-05-31 18:00:00+00:00')",0.0458182959359799
M2_simgate,07374,raw,0.0226304579339723,0.6514677293333417,0.1236240091887847,0.0765364635348916,0.9561612928708668,0.0244341151796618,7512,"('2023-07-24 00:00:00+00:00', '2024-05-31 23:00:00+00:00')",
M2_simgate,07374,clean,0.0226304579339723,0.7243099103273785,0.1099967739950532,0.0712781841690608,0.9235030443851784,0.0289794970938039,7342,"('2023-07-24 00:00:00+00:00', '2024-05-31 23:00:00+00:00')",
M2_simgate,07374,clean_exkl_curt,0.0226304579339723,0.7264447228010779,0.1058449889320066,0.068682062720818,0.9069693462063791,0.028255605155845,7342,"('2023-07-24 00:00:00+00:00', '2024-05-31 23:00:00+00:00')",0.0465813129937346
M2all,00198_1,raw,0.097577209797657,0.4667061040454082,0.2006279928920507,0.1256370458523347,1.0670109506726606,0.0191710570988658,7512,"('2023-07-24 00:00:00+00:00', '2024-05-31 23:00:00+00:00')",
M2all,00198_1,clean,0.097577209797657,0.6280617496054187,0.1650660029503823,0.1086098133880451,1.0203497445916825,0.017708438011825,6779,"('2023-07-24 00:00:00+00:00', '2024-05-31 23:00:00+00:00')",
M2all,00198_1,clean_exkl_curt,0.097577209797657,0.6093395282501413,0.1646144954613862,0.1079191988833084,1.0135663465631,0.0176138393373357,6779,"('2023-07-24 00:00:00+00:00', '2024-05-31 23:00:00+00:00')",0.0504499188670895
M2all,00198_2,raw,0.1800493285831734,0.7410270534298089,0.1708306002903248,0.1161261090805111,1.07610467439065,0.0274978180238505,3649,"('2023-12-31 23:00:00+00:00', '2024-05-31 23:00:00+00:00')",
M2all,00198_2,clean,0.1800493285831734,0.8722658718546422,0.1191395159010577,0.0862676451428017,1.0745969249809273,0.029403381908632,2992,"('2023-12-31 23:00:00+00:00', '2024-05-31 23:00:00+00:00')",
M2all,00198_2,clean_exkl_curt,0.1800493285831734,0.8692917958373115,0.1195435764046851,0.0866645048722003,1.0749949131517365,0.029296768907856,2992,"('2023-12-31 23:00:00+00:00', '2024-05-31 23:00:00+00:00')",0.044451871657754
M2all,00282,raw,0.1540202342917997,0.6198001705069762,0.2027426539170337,0.1287071411230115,0.974760718451017,0.0181945310153507,7512,"('2023-07-24 00:00:00+00:00', '2024-05-31 23:00:00+00:00')",
M2all,00282,clean,0.1540202342917997,0.8289375932998996,0.1349056429318981,0.0931464083020059,0.9045317523841314,0.0338838918882229,6355,"('2023-07-24 00:00:00+00:00', '2024-05-31 23:00:00+00:00')",
M2all,00282,clean_exkl_curt,0.1540202342917997,0.827727805293005,0.1345776673170015,0.0932259679743114,0.9041391519382552,0.0338381937546876,6355,"('2023-07-24 00:00:00+00:00', '2024-05-31 23:00:00+00:00')",0.0358772619984264
M2all,00298,raw,0.1699946751863684,0.4836874651887155,0.2371592119875431,0.1475604984464318,1.301857821133226,0.1063931046607767,7512,"('2023-07-24 00:00:00+00:00', '2024-05-31 23:00:00+00:00')",
M2all,00298,clean,0.1699946751863684,0.7760093725140709,0.1535860987859303,0.1045808802475656,1.2150611776045597,0.0756447075747599,6235,"('2023-07-24 00:00:00+00:00', '2024-05-31 23:00:00+00:00')",
M2all,00298,clean_exkl_curt,0.1699946751863684,0.766903205138209,0.1547901339629852,0.1055969358768752,1.2235273732816694,0.0767234186586107,6235,"('2023-07-24 00:00:00+00:00', '2024-05-31 23:00:00+00:00')",0.038813151563753
M2all,01200_1,raw,0.1260649627263046,0.1243067786264098,0.2731091255775059,0.1632317905036977,1.5117688689065254,0.1406806318475546,7512,"('2023-07-24 00:00:00+00:00', '2024-05-31 23:00:00+00:00')",
M2all,01200_1,clean,0.1260649627263046,0.6606157050817876,0.1641712315339767,0.1150337802301294,1.355344097990861,0.0992408354698951,6565,"('2023-07-24 00:00:00+00:00', '2024-05-31 23:00:00+00:00')",
M2all,01200_1,clean_exkl_curt,0.1260649627263046,0.6379742809487925,0.164367087482486,0.115160746549483,1.370217128890425,0.0992616760773229,6565,"('2023-07-24 00:00:00+00:00', '2024-05-31 23:00:00+00:00')",0.0405178979436405
M2all,01200_2,raw,0.1333865814696485,0.3909281350752347,0.2270803151035521,0.1513759487094585,1.4758444516478568,0.135940988355422,7512,"('2023-07-24 00:00:00+00:00', '2024-05-31 23:00:00+00:00')",
M2all,01200_2,clean,0.1333865814696485,0.4771729448971988,0.1909802140145808,0.1331630403610288,1.497722704250448,0.1250368623045726,6510,"('2023-07-24 01:00:00+00:00', '2024-05-31 23:00:00+00:00')",
M2all,01200_2,clean_exkl_curt,0.1333865814696485,0.4438575138248354,0.1911420191093309,0.1333157447748259,1.5180710299019038,0.1253538311308429,6510,"('2023-07-24 01:00:00+00:00', '2024-05-31 23:00:00+00:00')",0.0353302611367127
M2all,01303_1,raw,0.0589801624284382,0.6081399574371142,0.1473219510361869,0.1000288993105653,1.336446204930415,0.0736782269283845,7511,"('2023-07-24 00:00:00+00:00', '2024-05-31 23:00:00+00:00')",
M2all,01303_1,clean,0.0589801624284382,0.6253310679473931,0.1348501194205242,0.0932148036952663,1.3604295291522566,0.0748657351740256,7068,"('2023-07-24 00:00:00+00:00', '2024-05-31 23:00:00+00:00')",
M2all,01303_1,clean_exkl_curt,0.0589801624284382,0.6035955531889613,0.133102958620334,0.0916907787160174,1.369459233799743,0.0736165163325358,7068,"('2023-07-24 00:00:00+00:00', '2024-05-31 23:00:00+00:00')",0.043859649122807
M2all,01303_2,raw,0.0793502862468379,0.7405480294011091,0.1099414113054862,0.0722640049142456,1.14232180356296,0.0328171737368473,7511,"('2023-07-24 00:00:00+00:00', '2024-05-31 23:00:00+00:00')",
M2all,01303_2,clean,0.0793502862468379,0.7918345576558111,0.089125861929115,0.0620761284027703,1.1464066268592146,0.0320840948783906,6915,"('2023-07-24 00:00:00+00:00', '2024-05-31 23:00:00+00:00')",
M2all,01303_2,clean_exkl_curt,0.0793502862468379,0.7834637147382846,0.0875912669957368,0.060801639210051,1.1472594474308837,0.0312819563470983,6915,"('2023-07-24 00:00:00+00:00', '2024-05-31 23:00:00+00:00')",0.0416485900216919
M2all,02483,raw,0.1769169329073482,0.7414665319490434,0.1829470864394105,0.1215469830172559,0.944317245779198,0.0258120160936958,7512,"('2023-07-24 00:00:00+00:00', '2024-05-31 23:00:00+00:00')",
M2all,02483,clean,0.1769169329073482,0.9106464889698108,0.1108413588597979,0.0822725838759184,0.9329509951691132,0.0359750627109882,6183,"('2023-07-24 00:00:00+00:00', '2024-05-31 23:00:00+00:00')",
M2all,02483,clean_exkl_curt,0.1769169329073482,0.9073959395856308,0.1117996727610228,0.083008054576574,0.9315812176524636,0.0356596974937588,6183,"('2023-07-24 00:00:00+00:00', '2024-05-31 23:00:00+00:00')",0.0511078764353873
M2all,04745,raw,0.0129316091187842,0.6670369258454725,0.0808619731155922,0.0460926854623578,1.1202658794746758,0.019078341313001,7501,"('2023-07-24 00:00:00+00:00', '2024-05-31 23:00:00+00:00')",
M2all,04745,clean,0.0129316091187842,0.715178110067368,0.072639192071626,0.0432648754080916,1.1079777085775733,0.0179917713225082,7404,"('2023-07-24 00:00:00+00:00', '2024-05-31 23:00:00+00:00')",
M2all,04745,clean_exkl_curt,0.0129316091187842,0.7011030921160829,0.0684936814372183,0.0408423284770719,1.1133257917351338,0.0180625303047712,7404,"('2023-07-24 00:00:00+00:00', '2024-05-31 23:00:00+00:00')",0.0479470556455969
M2all,05347,raw,0.2312608174677139,0.5757810236276975,0.1960026475524023,0.1220832912511013,1.1867067182584834,0.05059484642504,7511,"('2023-07-24 00:00:00+00:00', '2024-05-31 23:00:00+00:00')",
M2all,05347,clean,0.2312608174677139,0.8120191775444632,0.123277699000807,0.0816435677818266,1.0708270412504388,0.0380718738974364,5774,"('2023-07-24 00:00:00+00:00', '2024-05-30 20:00:00+00:00')",
M2all,05347,clean_exkl_curt,0.2312608174677139,0.7985136477011787,0.123578095520896,0.0819993554302119,1.0711314876143243,0.0381218221576354,5774,"('2023-07-24 00:00:00+00:00', '2024-05-30 20:00:00+00:00')",0.0394873571181156
M2all,05426,raw,0.1516240681576145,0.6736136909153796,0.1750346936686309,0.1095375965236079,1.0956199034336718,0.027204803367463,7512,"('2023-07-24 00:00:00+00:00', '2024-05-31 23:00:00+00:00')",
M2all,05426,clean,0.1516240681576145,0.8411017117864799,0.120913739860745,0.0841166168440278,1.0476765416338198,0.0154711291907147,6373,"('2023-07-24 04:00:00+00:00', '2024-05-31 18:00:00+00:00')",
M2all,05426,clean_exkl_curt,0.1516240681576145,0.8359612344126452,0.1206442721613794,0.0841442195277711,1.0481649236931472,0.0152623410064932,6373,"('2023-07-24 04:00:00+00:00', '2024-05-31 18:00:00+00:00')",0.0458182959359799
M2all,07374,raw,0.0308839190628328,0.6638876249818353,0.1214013670994772,0.0732981665696093,1.1035845688075878,0.0199134550190476,7512,"('2023-07-24 00:00:00+00:00', '2024-05-31 23:00:00+00:00')",
M2all,07374,clean,0.0308839190628328,0.740176938005566,0.1067674198801149,0.0679237655764248,1.068616128076142,0.0150202806556676,7280,"('2023-07-24 00:00:00+00:00', '2024-05-31 23:00:00+00:00')",
M2all,07374,clean_exkl_curt,0.0308839190628328,0.7452199269686566,0.102135207955424,0.0651598956830294,1.0603408561643528,0.013199260099676,7280,"('2023-07-24 00:00:00+00:00', '2024-05-31 23:00:00+00:00')",0.0471153846153846
M2noage,00198_1,raw,0.097577209797657,0.4539134566641755,0.2030200635695706,0.126876294777822,1.0947358169413322,0.0255526669899314,7512,"('2023-07-24 00:00:00+00:00', '2024-05-31 23:00:00+00:00')",
M2noage,00198_1,clean,0.097577209797657,0.6177016616283899,0.1673491143559454,0.1096582943484508,1.0482069221308965,0.0184163451351153,6779,"('2023-07-24 00:00:00+00:00', '2024-05-31 23:00:00+00:00')",
M2noage,00198_1,clean_exkl_curt,0.097577209797657,0.5988606397228315,0.1668076557262084,0.1089268087300278,1.0422054915487808,0.0176717415455056,6779,"('2023-07-24 00:00:00+00:00', '2024-05-31 23:00:00+00:00')",0.0504499188670895
M2noage,00198_2,raw,0.1800493285831734,0.7393707362274018,0.1713760215212763,0.1165633327234069,1.0820576955710175,0.0296487383769109,3649,"('2023-12-31 23:00:00+00:00', '2024-05-31 23:00:00+00:00')",
M2noage,00198_2,clean,0.1800493285831734,0.8708540481155668,0.119796121021516,0.0866942924024181,1.0808861030330097,0.0309803948998528,2992,"('2023-12-31 23:00:00+00:00', '2024-05-31 23:00:00+00:00')",
M2noage,00198_2,clean_exkl_curt,0.1800493285831734,0.8678499431569404,0.1202011154248506,0.0871011451338271,1.0813670283006744,0.0308991879255131,2992,"('2023-12-31 23:00:00+00:00', '2024-05-31 23:00:00+00:00')",0.044451871657754
M2noage,00282,raw,0.1540202342917997,0.6204803555198276,0.2025612174239422,0.1283910121471219,0.9848480296711148,0.0165107520877477,7512,"('2023-07-24 00:00:00+00:00', '2024-05-31 23:00:00+00:00')",
M2noage,00282,clean,0.1540202342917997,0.8317964374435248,0.1337736023027883,0.0924683327393949,0.9149344453058218,0.0302073778121983,6355,"('2023-07-24 00:00:00+00:00', '2024-05-31 23:00:00+00:00')",
M2noage,00282,clean_exkl_curt,0.1540202342917997,0.83059136189929,0.1334544864874061,0.0925501235914406,0.914631526970112,0.0301983943065718,6355,"('2023-07-24 00:00:00+00:00', '2024-05-31 23:00:00+00:00')",0.0358772619984264
M2noage,00298,raw,0.1699946751863684,0.472221212072674,0.2397781637254012,0.1499209573705539,1.3138266489373107,0.1106116072594201,7512,"('2023-07-24 00:00:00+00:00', '2024-05-31 23:00:00+00:00')",
M2noage,00298,clean,0.1699946751863684,0.7643572904876216,0.1575302599973199,0.1073026270997952,1.227661953884097,0.0800323567363194,6235,"('2023-07-24 00:00:00+00:00', '2024-05-31 23:00:00+00:00')",
M2noage,00298,clean_exkl_curt,0.1699946751863684,0.75481415136037,0.158753323266766,0.1083283385406372,1.236439891707154,0.0811092763113191,6235,"('2023-07-24 00:00:00+00:00', '2024-05-31 23:00:00+00:00')",0.038813151563753
M2noage,01200_1,raw,0.1260649627263046,0.0744906518299143,0.2807699487144863,0.1721538784140123,1.5549829470348315,0.1525597909468356,7512,"('2023-07-24 00:00:00+00:00', '2024-05-31 23:00:00+00:00')",
M2noage,01200_1,clean,0.1260649627263046,0.6071757526965671,0.1766242492579837,0.1250180164637694,1.4009993207368636,0.1116845569156032,6565,"('2023-07-24 00:00:00+00:00', '2024-05-31 23:00:00+00:00')",
M2noage,01200_1,clean_exkl_curt,0.1260649627263046,0.5809622263930402,0.176836428125715,0.1251546622384308,1.4178475677193851,0.111729544063345,6565,"('2023-07-24 00:00:00+00:00', '2024-05-31 23:00:00+00:00')",0.0405178979436405
M2noage,01200_2,raw,0.1333865814696485,0.3506762209948509,0.2344638395950957,0.1580904519768224,1.505051824835415,0.1442826584318031,7512,"('2023-07-24 00:00:00+00:00', '2024-05-31 23:00:00+00:00')",
M2noage,01200_2,clean,0.1333865814696485,0.4250405919926914,0.2002755538414614,0.1407618922537137,1.53198067451541,0.1336277684292537,6510,"('2023-07-24 01:00:00+00:00', '2024-05-31 23:00:00+00:00')",
M2noage,01200_2,clean_exkl_curt,0.1333865814696485,0.3884066179276672,0.2004446739344814,0.1409382874182757,1.5535845964285486,0.1339338832959849,6510,"('2023-07-24 01:00:00+00:00', '2024-05-31 23:00:00+00:00')",0.0353302611367127
M2noage,01303_1,raw,0.0589801624284382,0.5185354445817175,0.1632992279199647,0.1123714108684373,1.4130777763382365,0.090365291063806,7511,"('2023-07-24 00:00:00+00:00', '2024-05-31 23:00:00+00:00')",
M2noage,01303_1,clean,0.0589801624284382,0.5202705691836531,0.1525898603440044,0.1063957473117311,1.4424875718058554,0.0917410184235438,7068,"('2023-07-24 00:00:00+00:00', '2024-05-31 23:00:00+00:00')",
M2noage,01303_1,clean_exkl_curt,0.0589801624284382,0.4909238095101345,0.1508376796626745,0.1048042838356233,1.454395713043703,0.0903641742362724,7068,"('2023-07-24 00:00:00+00:00', '2024-05-31 23:00:00+00:00')",0.043859649122807
M2noage,01303_2,raw,0.0793502862468379,0.5986301922305093,0.1367430212333905,0.0917299641758816,1.311951708036489,0.0636622300235631,7511,"('2023-07-24 00:00:00+00:00', '2024-05-31 23:00:00+00:00')",
M2noage,01303_2,clean,0.0793502862468379,0.6211357095894807,0.1202378667960051,0.0828600639042827,1.3313827743575577,0.0630691623956151,6915,"('2023-07-24 00:00:00+00:00', '2024-05-31 23:00:00+00:00')",
M2noage,01303_2,clean_exkl_curt,0.0793502862468379,0.6038082031616456,0.1184808624818067,0.0812235363459095,1.3360787331629966,0.0617308473548398,6915,"('2023-07-24 00:00:00+00:00', '2024-05-31 23:00:00+00:00')",0.0416485900216919
M2noage,02483,raw,0.1769169329073482,0.7429960376288749,0.1824051185149637,0.1209002519437528,0.9557552369683924,0.0205824681662125,7512,"('2023-07-24 00:00:00+00:00', '2024-05-31 23:00:00+00:00')",
M2noage,02483,clean,0.1769169329073482,0.9134260613154396,0.1091037350307286,0.0812680337906117,0.9445735649146492,0.0336506757590878,6183,"('2023-07-24 00:00:00+00:00', '2024-05-31 23:00:00+00:00')",
M2noage,02483,clean_exkl_curt,0.1769169329073482,0.9103083350989174,0.1100275798508687,0.0819854045318909,0.9435913366298208,0.0332836276597823,6183,"('2023-07-24 00:00:00+00:00', '2024-05-31 23:00:00+00:00')",0.0511078764353873
M2noage,04745,raw,0.0129316091187842,0.525112903436082,0.0965698335162219,0.0552557431361458,1.2856266795365174,0.0347067039996131,7501,"('2023-07-24 00:00:00+00:00', '2024-05-31 23:00:00+00:00')",
M2noage,04745,clean,0.0129316091187842,0.5758900900457518,0.0886387317332312,0.0523266807437218,1.2737154977686025,0.0332613963913678,7404,"('2023-07-24 00:00:00+00:00', '2024-05-31 23:00:00+00:00')",
M2noage,04745,clean_exkl_curt,0.0129316091187842,0.5481310124887515,0.0842162824386961,0.0496215887107707,1.282001628539451,0.0321569514185244,7404,"('2023-07-24 00:00:00+00:00', '2024-05-31 23:00:00+00:00')",0.0479470556455969
M2noage,05347,raw,0.2312608174677139,0.571035684815532,0.19709584756639,0.1227897991048961,1.1936722622871154,0.0524776805854354,7511,"('2023-07-24 00:00:00+00:00', '2024-05-31 23:00:00+00:00')",
M2noage,05347,clean,0.2312608174677139,0.8082106781162451,0.1245202427639229,0.082291732485089,1.0778212136027214,0.0388609946012249,5774,"('2023-07-24 00:00:00+00:00', '2024-05-30 20:00:00+00:00')",
M2noage,05347,clean_exkl_curt,0.2312608174677139,0.7944722558772038,0.1248113004970521,0.0826490423690394,1.0783941873520502,0.0388934503593952,5774,"('2023-07-24 00:00:00+00:00', '2024-05-30 20:00:00+00:00')",0.0394873571181156
M2noage,05426,raw,0.1516240681576145,0.6686873951574714,0.1763506853367144,0.1106021599502119,1.1089146506374612,0.0309427778104115,7512,"('2023-07-24 00:00:00+00:00', '2024-05-31 23:00:00+00:00')",
M2noage,05426,clean,0.1516240681576145,0.8375215974140996,0.122268297525167,0.085070898659595,1.0606617670026826,0.0192959208202684,6373,"('2023-07-24 04:00:00+00:00', '2024-05-31 18:00:00+00:00')",
M2noage,05426,clean_exkl_curt,0.1516240681576145,0.8322446798976428,0.1220033097310288,0.0851016960787499,1.0615083686141282,0.0191094567387753,6373,"('2023-07-24 04:00:00+00:00', '2024-05-31 18:00:00+00:00')",0.0458182959359799
M2noage,07374,raw,0.0308839190628328,0.5518582774782101,0.1401809554006387,0.0865807252277724,1.2632834212637352,0.050609440152802,7512,"('2023-07-24 00:00:00+00:00', '2024-05-31 23:00:00+00:00')",
M2noage,07374,clean,0.0308839190628328,0.6431007276459009,0.1251332518428134,0.0806603181579866,1.2238006173669993,0.0443978967191958,7280,"('2023-07-24 00:00:00+00:00', '2024-05-31 23:00:00+00:00')",
M2noage,07374,clean_exkl_curt,0.0308839190628328,0.6482727565015756,0.1200040084437749,0.0775396035641628,1.217843857227742,0.0415444603365816,7280,"('2023-07-24 00:00:00+00:00', '2024-05-31 23:00:00+00:00')",0.0471153846153846
M3,00198_1,raw,0.0955804046858359,0.3784958814503432,0.2165859236314268,0.1363157539399936,1.088502282279113,0.0338123759766093,7512,"('2023-07-24 00:00:00+00:00', '2024-05-31 23:00:00+00:00')",
M3,00198_1,clean,0.0955804046858359,0.5363491857294966,0.1832743447009017,0.1200869953794062,1.0459131013875942,0.0368528881571237,6794,"('2023-07-24 00:00:00+00:00', '2024-05-31 23:00:00+00:00')",
M3,00198_1,clean_exkl_curt,0.0955804046858359,0.5116506842553471,0.1828257099596776,0.119627249360344,1.038316327322558,0.0369851022961477,6794,"('2023-07-24 00:00:00+00:00', '2024-05-31 23:00:00+00:00')",0.0507801000883132
M3,00198_2,raw,0.2077281446971772,0.7079212656280186,0.1814213678025563,0.1219470875962179,1.0101409344120669,0.0312148553493689,3649,"('2023-12-31 23:00:00+00:00', '2024-05-31 23:00:00+00:00')",
M3,00198_2,clean,0.2077281446971772,0.8700183252306023,0.1189238714110813,0.0844440136498103,0.9945917185695232,0.0264910533997426,2891,"('2024-01-01 01:00:00+00:00', '2024-05-31 23:00:00+00:00')",
M3,00198_2,clean_exkl_curt,0.2077281446971772,0.8660162290500142,0.1195792275944977,0.0848837149892596,0.9921515097493904,0.027057715638645,2891,"('2024-01-01 01:00:00+00:00', '2024-05-31 23:00:00+00:00')",0.0456589415427187
M3,00282,raw,0.1497603833865814,0.5465635769636115,0.2214100701723295,0.1443256291818004,0.8935758926995007,0.0445218148310525,7512,"('2023-07-24 00:00:00+00:00', '2024-05-31 23:00:00+00:00')",
M3,00282,clean,0.1497603833865814,0.7247299792870248,0.1707802173620257,0.1151109811787621,0.8028990134699397,0.0699109089601735,6387,"('2023-07-24 00:00:00+00:00', '2024-05-31 23:00:00+00:00')",
M3,00282,clean_exkl_curt,0.1497603833865814,0.7197666665764428,0.1712582318817382,0.115673717618564,0.8002061914564673,0.0704455246117712,6387,"('2023-07-24 00:00:00+00:00', '2024-05-31 23:00:00+00:00')",0.0356975105683419
M3,00298,raw,0.1702609158679446,0.5016667184533397,0.2329933955477645,0.1438036170773571,1.2823387379712563,0.09951345826685,7512,"('2023-07-24 00:00:00+00:00', '2024-05-31 23:00:00+00:00')",
M3,00298,clean,0.1702609158679446,0.7940566410911718,0.1472782589031058,0.1002401474567566,1.1945956106351283,0.0685259611319987,6233,"('2023-07-24 00:00:00+00:00', '2024-05-31 23:00:00+00:00')",
M3,00298,clean_exkl_curt,0.1702609158679446,0.7856679976726371,0.1484391834590064,0.1012309852699949,1.2025332602999046,0.0696005439184709,6233,"('2023-07-24 00:00:00+00:00', '2024-05-31 23:00:00+00:00')",0.0388256056473608
M3,01200_1,raw,0.1273961661341852,0.0798791353204139,0.2799514087396063,0.1715608901347536,1.5527851678180646,0.1519556413244938,7512,"('2023-07-24 00:00:00+00:00', '2024-05-31 23:00:00+00:00')",
M3,01200_1,clean,0.1273961661341852,0.6146315167416243,0.174862635858389,0.1241010534961382,1.3982904082593093,0.1108104678000333,6555,"('2023-07-24 00:00:00+00:00', '2024-05-31 23:00:00+00:00')",
M3,01200_1,clean_exkl_curt,0.1273961661341852,0.5881531855236917,0.1751936800520539,0.1243038879241763,1.4152948780054893,0.1109236004432908,6555,"('2023-07-24 00:00:00+00:00', '2024-05-31 23:00:00+00:00')",0.040274599542334
M3,01200_2,raw,0.1401757188498402,0.3699818891929568,0.2309520045218197,0.1561231740144472,1.4988703637577994,0.1425159371854142,7512,"('2023-07-24 00:00:00+00:00', '2024-05-31 23:00:00+00:00')",
M3,01200_2,clean,0.1401757188498402,0.441660235515366,0.1960202036158453,0.1385935299259479,1.532355656214707,0.132110144410827,6459,"('2023-07-24 01:00:00+00:00', '2024-05-31 23:00:00+00:00')",
M3,01200_2,clean_exkl_curt,0.1401757188498402,0.404515449038423,0.1961447094983063,0.1387366826688696,1.554515067357793,0.132386467998151,6459,"('2023-07-24 01:00:00+00:00', '2024-05-31 23:00:00+00:00')",0.0354544047066109
M3,01303_1,raw,0.0655039275728931,0.6720820022093129,0.1347673218164361,0.0912222782036142,1.2898060513627154,0.0634538551108898,7511,"('2023-07-24 00:00:00+00:00', '2024-05-31 23:00:00+00:00')",
M3,01303_1,clean,0.0655039275728931,0.7081000913063246,0.1172706274985642,0.0823439927806188,1.306105829786556,0.0626484532807307,7019,"('2023-07-24 00:00:00+00:00', '2024-05-31 23:00:00+00:00')",
M3,01303_1,clean_exkl_curt,0.0655039275728931,0.6893931524183936,0.115868668272962,0.081103269019391,1.3141101898460466,0.0616609250312932,7019,"('2023-07-24 00:00:00+00:00', '2024-05-31 23:00:00+00:00')",0.0430260720900413
M3,01303_2,raw,0.0801491146318732,0.6503208493402118,0.1276343850197704,0.0851398496645025,1.279472126860018,0.0563417339727209,7511,"('2023-07-24 00:00:00+00:00', '2024-05-31 23:00:00+00:00')",
M3,01303_2,clean,0.0801491146318732,0.6954703870801956,0.1076777004066399,0.0750819805274083,1.2873619139959558,0.0539477257168578,6909,"('2023-07-24 00:00:00+00:00', '2024-05-31 23:00:00+00:00')",
M3,01303_2,clean_exkl_curt,0.0801491146318732,0.6797809167700261,0.1058267420126888,0.0734632548046613,1.2909809585031915,0.0524897159727558,6909,"('2023-07-24 00:00:00+00:00', '2024-05-31 23:00:00+00:00')",0.0424084527427992
M3,02483,raw,0.1871671991480298,0.6885908292011136,0.2007857145470023,0.133500469269224,0.9250667137980876,0.0347356953955183,7512,"('2023-07-24 00:00:00+00:00', '2024-05-31 23:00:00+00:00')",
M3,02483,clean,0.1871671991480298,0.8823285427858686,0.1276721038442718,0.0907355713696927,0.8973684281880042,0.0463338083229777,6106,"('2023-07-24 01:00:00+00:00', '2024-05-31 23:00:00+00:00')",
M3,02483,clean_exkl_curt,0.1871671991480298,0.8774845272125514,0.1291507518942726,0.0917675561260199,0.8931379238860727,0.0473082514169499,6106,"('2023-07-24 01:00:00+00:00', '2024-05-31 23:00:00+00:00')",0.0524074680641991
M3,04745,raw,0.0123983468870817,0.6127409610360741,0.0872061432074189,0.0496685727460607,1.2198014940955195,0.0263486617517507,7501,"('2023-07-24 00:00:00+00:00', '2024-05-31 23:00:00+00:00')",
M3,04745,clean,0.0123983468870817,0.667362400696266,0.0783319352676768,0.0467245206260114,1.2029794830524254,0.0245203106454034,7408,"('2023-07-24 00:00:00+00:00', '2024-05-31 23:00:00+00:00')",
M3,04745,clean_exkl_curt,0.0123983468870817,0.6466564310069669,0.074074813491895,0.0442283932023811,1.2093254364776138,0.023668281297717,7408,"('2023-07-24 00:00:00+00:00', '2024-05-31 23:00:00+00:00')",0.0480561555075593
M3,05347,raw,0.2287311942484355,0.5494486360521256,0.2019942682974656,0.1257262720955034,1.18630521639327,0.0510640646379758,7511,"('2023-07-24 00:00:00+00:00', '2024-05-31 23:00:00+00:00')",
M3,05347,clean,0.2287311942484355,0.7862207768912879,0.130358887163259,0.0855983364099392,1.0740813478377478,0.0469941821464865,5793,"('2023-07-24 03:00:00+00:00', '2024-05-30 20:00:00+00:00')",
M3,05347,clean_exkl_curt,0.2287311942484355,0.7739456478729558,0.1301161036426892,0.0855818544935528,1.0718285335613638,0.0468618361333671,5793,"('2023-07-24 03:00:00+00:00', '2024-05-30 20:00:00+00:00')",0.0393578456758156
M3,05426,raw,0.1568157614483493,0.5775956601630073,0.1991234269913706,0.1254486547714024,1.1377243971511968,0.0389016566489428,7512,"('2023-07-24 00:00:00+00:00', '2024-05-31 23:00:00+00:00')",
M3,05426,clean,0.1568157614483493,0.7574462283476894,0.1467518012835881,0.09896482094883,1.106098487288056,0.0351937065528763,6334,"('2023-07-24 04:00:00+00:00', '2024-05-31 18:00:00+00:00')",
M3,05426,clean_exkl_curt,0.1568157614483493,0.7465574392538052,0.1471965983919675,0.0992767872991687,1.1064884491997322,0.0352166947684656,6334,"('2023-07-24 04:00:00+00:00', '2024-05-31 18:00:00+00:00')",0.046100410483107
M3,07374,raw,0.0319488817891373,0.67058307515096,0.1201861104251727,0.0724051970004647,1.1084604933561464,0.0208501311981079,7512,"('2023-07-24 00:00:00+00:00', '2024-05-31 23:00:00+00:00')",
M3,07374,clean,0.0319488817891373,0.7494894159137635,0.1047702364125538,0.0668418207749894,1.0723439959416443,0.0145939350461504,7272,"('2023-07-24 00:00:00+00:00', '2024-05-31 23:00:00+00:00')",
M3,07374,clean_exkl_curt,0.0319488817891373,0.7529528335699518,0.1004881957477151,0.0642727552616728,1.0649240378861011,0.0126719856867132,7272,"('2023-07-24 00:00:00+00:00', '2024-05-31 23:00:00+00:00')",0.0468921892189218
M3allconst,00198_1,raw,0.0955804046858359,0.4004798895296528,0.2127208697000478,0.1342941323585795,1.042840882848641,0.0331412056571984,7512,"('2023-07-24 00:00:00+00:00', '2024-05-31 23:00:00+00:00')",
M3allconst,00198_1,clean,0.0955804046858359,0.555737924579137,0.1794013812737176,0.1182376574467857,1.0004114460056228,0.0377148678208962,6794,"('2023-07-24 00:00:00+00:00', '2024-05-31 23:00:00+00:00')",
M3allconst,00198_1,clean_exkl_curt,0.0955804046858359,0.531317137386535,0.1791065686650799,0.1178531076425771,0.9915705560559458,0.0381250684258977,6794,"('2023-07-24 00:00:00+00:00', '2024-05-31 23:00:00+00:00')",0.0507801000883132
M3allconst,00198_2,raw,0.2077281446971772,0.7079552143428596,0.1814108240680507,0.1217880083053497,0.991529643570072,0.0344621196128177,3649,"('2023-12-31 23:00:00+00:00', '2024-05-31 23:00:00+00:00')",
M3allconst,00198_2,clean,0.2077281446971772,0.8680374945965151,0.1198266038484743,0.0847712937967832,0.9754178086047688,0.0308838542291254,2891,"('2024-01-01 01:00:00+00:00', '2024-05-31 23:00:00+00:00')",
M3allconst,00198_2,clean_exkl_curt,0.2077281446971772,0.8639240591499049,0.1205092318922558,0.0852084258030615,0.9727566419758366,0.0314797819330966,2891,"('2024-01-01 01:00:00+00:00', '2024-05-31 23:00:00+00:00')",0.0456589415427187
M3allconst,00282,raw,0.1497603833865814,0.5465635769636115,0.2214100701723295,0.1443256291818004,0.8935758926995007,0.0445218148310525,7512,"('2023-07-24 00:00:00+00:00', '2024-05-31 23:00:00+00:00')",
M3allconst,00282,clean,0.1497603833865814,0.7247299792870248,0.1707802173620257,0.1151109811787621,0.8028990134699397,0.0699109089601735,6387,"('2023-07-24 00:00:00+00:00', '2024-05-31 23:00:00+00:00')",
M3allconst,00282,clean_exkl_curt,0.1497603833865814,0.7197666665764428,0.1712582318817382,0.115673717618564,0.8002061914564673,0.0704455246117712,6387,"('2023-07-24 00:00:00+00:00', '2024-05-31 23:00:00+00:00')",0.0356975105683419
M3allconst,00298,raw,0.1702609158679446,0.5016667184533397,0.2329933955477645,0.1438036170773571,1.2823387379712563,0.09951345826685,7512,"('2023-07-24 00:00:00+00:00', '2024-05-31 23:00:00+00:00')",
M3allconst,00298,clean,0.1702609158679446,0.7940566410911718,0.1472782589031058,0.1002401474567566,1.1945956106351283,0.0685259611319987,6233,"('2023-07-24 00:00:00+00:00', '2024-05-31 23:00:00+00:00')",
M3allconst,00298,clean_exkl_curt,0.1702609158679446,0.7856679976726371,0.1484391834590064,0.1012309852699949,1.2025332602999046,0.0696005439184709,6233,"('2023-07-24 00:00:00+00:00', '2024-05-31 23:00:00+00:00')",0.0388256056473608
M3allconst,01200_1,raw,0.1273961661341852,0.155224151481313,0.2682445842001126,0.1578673706534393,1.4850965363903423,0.133348648956055,7512,"('2023-07-24 00:00:00+00:00', '2024-05-31 23:00:00+00:00')",
M3allconst,01200_1,clean,0.1273961661341852,0.6947739258701129,0.1556215509067268,0.1087981317942714,1.3267881396131629,0.0913316893805679,6555,"('2023-07-24 00:00:00+00:00', '2024-05-31 23:00:00+00:00')",
M3allconst,01200_1,clean_exkl_curt,0.1273961661341852,0.6737380476853653,0.1559314778889738,0.1089818915060851,1.340675070727796,0.0914029234982203,6555,"('2023-07-24 00:00:00+00:00', '2024-05-31 23:00:00+00:00')",0.040274599542334
M3allconst,01200_2,raw,0.1401757188498402,0.4422293728294552,0.217306661134394,0.1435998120132228,1.4438319705142475,0.1267961174840219,7512,"('2023-07-24 00:00:00+00:00', '2024-05-31 23:00:00+00:00')",
M3allconst,01200_2,clean,0.1401757188498402,0.5369990756431577,0.1785017529922195,0.1242255018475692,1.4669069442313274,0.1158954365196939,6459,"('2023-07-24 01:00:00+00:00', '2024-05-31 23:00:00+00:00')",
M3allconst,01200_2,clean_exkl_curt,0.1401757188498402,0.5062218582346762,0.1786106207070209,0.1243240700310146,1.4865648348889868,0.1161881252346368,6459,"('2023-07-24 01:00:00+00:00', '2024-05-31 23:00:00+00:00')",0.0354544047066109
M3allconst,01303_1,raw,0.0655039275728931,0.6720820022093129,0.1347673218164361,0.0912222782036142,1.2898060513627154,0.0634538551108898,7511,"('2023-07-24 00:00:00+00:00', '2024-05-31 23:00:00+00:00')",
M3allconst,01303_1,clean,0.0655039275728931,0.7081000913063246,0.1172706274985642,0.0823439927806188,1.306105829786556,0.0626484532807307,7019,"('2023-07-24 00:00:00+00:00', '2024-05-31 23:00:00+00:00')",
M3allconst,01303_1,clean_exkl_curt,0.0655039275728931,0.6893931524183936,0.115868668272962,0.081103269019391,1.3141101898460466,0.0616609250312932,7019,"('2023-07-24 00:00:00+00:00', '2024-05-31 23:00:00+00:00')",0.0430260720900413
M3allconst,01303_2,raw,0.0801491146318732,0.7543483565194022,0.1069775525634097,0.0698291069568985,1.1339886816196456,0.0282312492007376,7511,"('2023-07-24 00:00:00+00:00', '2024-05-31 23:00:00+00:00')",
M3allconst,01303_2,clean,0.0801491146318732,0.8158951598683827,0.0837227741016532,0.0588344929619867,1.129298419530469,0.0259919529693598,6909,"('2023-07-24 00:00:00+00:00', '2024-05-31 23:00:00+00:00')",
M3allconst,01303_2,clean_exkl_curt,0.0801491146318732,0.8060384220651043,0.0823625293834454,0.0576991542934924,1.1296267368001511,0.025075681237971,6909,"('2023-07-24 00:00:00+00:00', '2024-05-31 23:00:00+00:00')",0.0424084527427992
M3allconst,02483,raw,0.1871671991480298,0.6885908292011136,0.2007857145470023,0.133500469269224,0.9250667137980876,0.0347356953955183,7512,"('2023-07-24 00:00:00+00:00', '2024-05-31 23:00:00+00:00')",
M3allconst,02483,clean,0.1871671991480298,0.8823285427858686,0.1276721038442718,0.0907355713696927,0.8973684281880042,0.0463338083229777,6106,"('2023-07-24 01:00:00+00:00', '2024-05-31 23:00:00+00:00')",
M3allconst,02483,clean_exkl_curt,0.1871671991480298,0.8774845272125514,0.1291507518942726,0.0917675561260199,0.8931379238860727,0.0473082514169499,6106,"('2023-07-24 01:00:00+00:00', '2024-05-31 23:00:00+00:00')",0.0524074680641991
M3allconst,04745,raw,0.0123983468870817,0.7079897047406682,0.0757260632332315,0.0434064959601332,1.0738560580160723,0.0123247292738276,7501,"('2023-07-24 00:00:00+00:00', '2024-05-31 23:00:00+00:00')",
M3allconst,04745,clean,0.0123983468870817,0.7557340680154064,0.0671250523468188,0.040675573168126,1.0570363064231505,0.0108883499684363,7408,"('2023-07-24 00:00:00+00:00', '2024-05-31 23:00:00+00:00')",
M3allconst,04745,clean_exkl_curt,0.0123983468870817,0.7442050743320927,0.063025737084299,0.0382656200824878,1.0610309259871915,0.0111311290093604,7408,"('2023-07-24 00:00:00+00:00', '2024-05-31 23:00:00+00:00')",0.0480561555075593
M3allconst,05347,raw,0.2287311942484355,0.564788352740081,0.1985258877186223,0.1235656976627525,1.1640311076058167,0.0466511940889412,7511,"('2023-07-24 00:00:00+00:00', '2024-05-31 23:00:00+00:00')",
M3allconst,05347,clean,0.2287311942484355,0.7985794744028331,0.1265347349097246,0.0835690025334288,1.051834329087449,0.045171120868052,5793,"('2023-07-24 03:00:00+00:00', '2024-05-30 20:00:00+00:00')",
M3allconst,05347,clean_exkl_curt,0.2287311942484355,0.7867667637205865,0.1263723502659546,0.0836054289584644,1.0488757808274185,0.0451394163414544,5793,"('2023-07-24 03:00:00+00:00', '2024-05-30 20:00:00+00:00')",0.0393578456758156
M3allconst,05426,raw,0.1568157614483493,0.5921995917343208,0.1956509677444777,0.1225882740007128,1.1078820243720284,0.0328572122236165,7512,"('2023-07-24 00:00:00+00:00', '2024-05-31 23:00:00+00:00')",
M3allconst,05426,clean,0.1568157614483493,0.7727457915659964,0.1420480878034685,0.0959293767937039,1.0768887401038518,0.0340400378063199,6334,"('2023-07-24 04:00:00+00:00', '2024-05-31 18:00:00+00:00')",
M3allconst,05426,clean_exkl_curt,0.1568157614483493,0.7625889541226214,0.142465091224365,0.0962253388402653,1.0764592554294252,0.0341965719712914,6334,"('2023-07-24 04:00:00+00:00', '2024-05-31 18:00:00+00:00')",0.046100410483107
M3allconst,07374,raw,0.0319488817891373,0.67058307515096,0.1201861104251727,0.0724051970004647,1.1084604933561464,0.0208501311981079,7512,"('2023-07-24 00:00:00+00:00', '2024-05-31 23:00:00+00:00')",
M3allconst,07374,clean,0.0319488817891373,0.7494894159137635,0.1047702364125538,0.0668418207749894,1.0723439959416443,0.0145939350461504,7272,"('2023-07-24 00:00:00+00:00', '2024-05-31 23:00:00+00:00')",
M3allconst,07374,clean_exkl_curt,0.0319488817891373,0.7529528335699518,0.1004881957477151,0.0642727552616728,1.0649240378861011,0.0126719856867132,7272,"('2023-07-24 00:00:00+00:00', '2024-05-31 23:00:00+00:00')",0.0468921892189218
M3noage,00198_1,raw,0.0955804046858359,0.3784958814503432,0.2165859236314268,0.1363157539399936,1.088502282279113,0.0338123759766093,7512,"('2023-07-24 00:00:00+00:00', '2024-05-31 23:00:00+00:00')",
M3noage,00198_1,clean,0.0955804046858359,0.5363491857294966,0.1832743447009017,0.1200869953794062,1.0459131013875942,0.0368528881571237,6794,"('2023-07-24 00:00:00+00:00', '2024-05-31 23:00:00+00:00')",
M3noage,00198_1,clean_exkl_curt,0.0955804046858359,0.5116506842553471,0.1828257099596776,0.119627249360344,1.038316327322558,0.0369851022961477,6794,"('2023-07-24 00:00:00+00:00', '2024-05-31 23:00:00+00:00')",0.0507801000883132
M3noage,00198_2,raw,0.2077281446971772,0.7079212656280186,0.1814213678025563,0.1219470875962179,1.0101409344120669,0.0312148553493689,3649,"('2023-12-31 23:00:00+00:00', '2024-05-31 23:00:00+00:00')",
M3noage,00198_2,clean,0.2077281446971772,0.8700183252306023,0.1189238714110813,0.0844440136498103,0.9945917185695232,0.0264910533997426,2891,"('2024-01-01 01:00:00+00:00', '2024-05-31 23:00:00+00:00')",
M3noage,00198_2,clean_exkl_curt,0.2077281446971772,0.8660162290500142,0.1195792275944977,0.0848837149892596,0.9921515097493904,0.027057715638645,2891,"('2024-01-01 01:00:00+00:00', '2024-05-31 23:00:00+00:00')",0.0456589415427187
M3noage,00282,raw,0.1497603833865814,0.5540697158252248,0.219569823068024,0.1426747530764944,0.9180239883353384,0.0377052791710021,7512,"('2023-07-24 00:00:00+00:00', '2024-05-31 23:00:00+00:00')",
M3noage,00282,clean,0.1497603833865814,0.7398827609687124,0.1660132195273151,0.1122217340756458,0.8276205077675579,0.061153806152409,6387,"('2023-07-24 00:00:00+00:00', '2024-05-31 23:00:00+00:00')",
M3noage,00282,clean_exkl_curt,0.1497603833865814,0.7350926394130285,0.1665093296126934,0.1128006760419089,0.8250981912013763,0.0616802088526795,6387,"('2023-07-24 00:00:00+00:00', '2024-05-31 23:00:00+00:00')",0.0356975105683419
M3noage,00298,raw,0.1702609158679446,0.4722584714635239,0.2397696998138091,0.1499255327202847,1.3139829814048682,0.1106667078032192,7512,"('2023-07-24 00:00:00+00:00', '2024-05-31 23:00:00+00:00')",
M3noage,00298,clean,0.1702609158679446,0.7644442454636433,0.1575112596562136,0.1072817475264511,1.2279016063399932,0.0801309428453216,6233,"('2023-07-24 00:00:00+00:00', '2024-05-31 23:00:00+00:00')",
M3noage,00298,clean_exkl_curt,0.1702609158679446,0.7549072555422065,0.158734114470443,0.1083069579768294,1.236696893422181,0.0812122772886385,6233,"('2023-07-24 00:00:00+00:00', '2024-05-31 23:00:00+00:00')",0.0388256056473608
M3noage,01200_1,raw,0.1273961661341852,0.0798791353204139,0.2799514087396063,0.1715608901347536,1.5527851678180646,0.1519556413244938,7512,"('2023-07-24 00:00:00+00:00', '2024-05-31 23:00:00+00:00')",
M3noage,01200_1,clean,0.1273961661341852,0.6146315167416243,0.174862635858389,0.1241010534961382,1.3982904082593093,0.1108104678000333,6555,"('2023-07-24 00:00:00+00:00', '2024-05-31 23:00:00+00:00')",
M3noage,01200_1,clean_exkl_curt,0.1273961661341852,0.5881531855236917,0.1751936800520539,0.1243038879241763,1.4152948780054893,0.1109236004432908,6555,"('2023-07-24 00:00:00+00:00', '2024-05-31 23:00:00+00:00')",0.040274599542334
M3noage,01200_2,raw,0.1401757188498402,0.3699818891929568,0.2309520045218197,0.1561231740144472,1.4988703637577994,0.1425159371854142,7512,"('2023-07-24 00:00:00+00:00', '2024-05-31 23:00:00+00:00')",
M3noage,01200_2,clean,0.1401757188498402,0.441660235515366,0.1960202036158453,0.1385935299259479,1.532355656214707,0.132110144410827,6459,"('2023-07-24 01:00:00+00:00', '2024-05-31 23:00:00+00:00')",
M3noage,01200_2,clean_exkl_curt,0.1401757188498402,0.404515449038423,0.1961447094983063,0.1387366826688696,1.554515067357793,0.132386467998151,6459,"('2023-07-24 01:00:00+00:00', '2024-05-31 23:00:00+00:00')",0.0354544047066109
M3noage,01303_1,raw,0.0655039275728931,0.5740808743701487,0.153590920139039,0.1059572066717237,1.3869030148790535,0.084597402447653,7511,"('2023-07-24 00:00:00+00:00', '2024-05-31 23:00:00+00:00')",
M3noage,01303_1,clean,0.0655039275728931,0.5916035934179754,0.138711741900791,0.0981718361590297,1.4112486430061837,0.0839410182838573,7019,"('2023-07-24 00:00:00+00:00', '2024-05-31 23:00:00+00:00')",
M3noage,01303_1,clean_exkl_curt,0.0655039275728931,0.5645647948571251,0.1371899418593708,0.0968065226727998,1.4228482251532797,0.0827730076917111,7019,"('2023-07-24 00:00:00+00:00', '2024-05-31 23:00:00+00:00')",0.0430260720900413
M3noage,01303_2,raw,0.0801491146318732,0.6503208493402118,0.1276343850197704,0.0851398496645025,1.279472126860018,0.0563417339727209,7511,"('2023-07-24 00:00:00+00:00', '2024-05-31 23:00:00+00:00')",
M3noage,01303_2,clean,0.0801491146318732,0.6954703870801956,0.1076777004066399,0.0750819805274083,1.2873619139959558,0.0539477257168578,6909,"('2023-07-24 00:00:00+00:00', '2024-05-31 23:00:00+00:00')",
M3noage,01303_2,clean_exkl_curt,0.0801491146318732,0.6797809167700261,0.1058267420126888,0.0734632548046613,1.2909809585031915,0.0524897159727558,6909,"('2023-07-24 00:00:00+00:00', '2024-05-31 23:00:00+00:00')",0.0424084527427992
M3noage,02483,raw,0.1871671991480298,0.6928932339878588,0.1993938705479112,0.1322211240031335,0.9488485197253672,0.023719329543939,7512,"('2023-07-24 00:00:00+00:00', '2024-05-31 23:00:00+00:00')",
M3noage,02483,clean,0.1871671991480298,0.8907026322310098,0.1230453768040439,0.0882241292540038,0.92138752887555,0.0354902015487807,6106,"('2023-07-24 01:00:00+00:00', '2024-05-31 23:00:00+00:00')",
M3noage,02483,clean_exkl_curt,0.1871671991480298,0.8863595929298773,0.1243849566441953,0.0891899013210289,0.9178185563846878,0.0363820406428954,6106,"('2023-07-24 01:00:00+00:00', '2024-05-31 23:00:00+00:00')",0.0524074680641991
M3noage,04745,raw,0.0123983468870817,0.6127409610360741,0.0872061432074189,0.0496685727460607,1.2198014940955195,0.0263486617517507,7501,"('2023-07-24 00:00:00+00:00', '2024-05-31 23:00:00+00:00')",
M3noage,04745,clean,0.0123983468870817,0.667362400696266,0.0783319352676768,0.0467245206260114,1.2029794830524254,0.0245203106454034,7408,"('2023-07-24 00:00:00+00:00', '2024-05-31 23:00:00+00:00')",
M3noage,04745,clean_exkl_curt,0.0123983468870817,0.6466564310069669,0.074074813491895,0.0442283932023811,1.2093254364776138,0.023668281297717,7408,"('2023-07-24 00:00:00+00:00', '2024-05-31 23:00:00+00:00')",0.0480561555075593
M3noage,05347,raw,0.2287311942484355,0.5494486360521256,0.2019942682974656,0.1257262720955034,1.18630521639327,0.0510640646379758,7511,"('2023-07-24 00:00:00+00:00', '2024-05-31 23:00:00+00:00')",
M3noage,05347,clean,0.2287311942484355,0.7862207768912879,0.130358887163259,0.0855983364099392,1.0740813478377478,0.0469941821464865,5793,"('2023-07-24 03:00:00+00:00', '2024-05-30 20:00:00+00:00')",
M3noage,05347,clean_exkl_curt,0.2287311942484355,0.7739456478729558,0.1301161036426892,0.0855818544935528,1.0718285335613638,0.0468618361333671,5793,"('2023-07-24 03:00:00+00:00', '2024-05-30 20:00:00+00:00')",0.0393578456758156
M3noage,05426,raw,0.1568157614483493,0.5775956601630073,0.1991234269913706,0.1254486547714024,1.1377243971511968,0.0389016566489428,7512,"('2023-07-24 00:00:00+00:00', '2024-05-31 23:00:00+00:00')",
M3noage,05426,clean,0.1568157614483493,0.7574462283476894,0.1467518012835881,0.09896482094883,1.106098487288056,0.0351937065528763,6334,"('2023-07-24 04:00:00+00:00', '2024-05-31 18:00:00+00:00')",
M3noage,05426,clean_exkl_curt,0.1568157614483493,0.7465574392538052,0.1471965983919675,0.0992767872991687,1.1064884491997322,0.0352166947684656,6334,"('2023-07-24 04:00:00+00:00', '2024-05-31 18:00:00+00:00')",0.046100410483107
M3noage,07374,raw,0.0319488817891373,0.5803102451299773,0.1356580311978405,0.0833526167459748,1.247846549550153,0.0476420151617091,7512,"('2023-07-24 00:00:00+00:00', '2024-05-31 23:00:00+00:00')",
M3noage,07374,clean,0.0319488817891373,0.6731893751965405,0.1196666043615393,0.0772727725636666,1.2077636193712729,0.041212339853347,7272,"('2023-07-24 00:00:00+00:00', '2024-05-31 23:00:00+00:00')",
M3noage,07374,clean_exkl_curt,0.0319488817891373,0.6771033089684638,0.1148833013860711,0.0743630622760943,1.2023472491302534,0.0385776504977561,7272,"('2023-07-24 00:00:00+00:00', '2024-05-31 23:00:00+00:00')",0.0468921892189218
M4,00198_1,raw,0.0955804046858359,0.3784958814503432,0.2165859236314268,0.1363157539399936,1.088502282279113,0.0338123759766093,7512,"('2023-07-24 00:00:00+00:00', '2024-05-31 23:00:00+00:00')",
M4,00198_1,clean,0.0955804046858359,0.5363491857294966,0.1832743447009017,0.1200869953794062,1.0459131013875942,0.0368528881571237,6794,"('2023-07-24 00:00:00+00:00', '2024-05-31 23:00:00+00:00')",
M4,00198_1,clean_exkl_curt,0.0955804046858359,0.5116506842553471,0.1828257099596776,0.119627249360344,1.038316327322558,0.0369851022961477,6794,"('2023-07-24 00:00:00+00:00', '2024-05-31 23:00:00+00:00')",0.0507801000883132
M4,00198_2,raw,0.2077281446971772,0.7079212656280186,0.1814213678025563,0.1219470875962179,1.0101409344120669,0.0312148553493689,3649,"('2023-12-31 23:00:00+00:00', '2024-05-31 23:00:00+00:00')",
M4,00198_2,clean,0.2077281446971772,0.8700183252306023,0.1189238714110813,0.0844440136498103,0.9945917185695232,0.0264910533997426,2891,"('2024-01-01 01:00:00+00:00', '2024-05-31 23:00:00+00:00')",
M4,00198_2,clean_exkl_curt,0.2077281446971772,0.8660162290500142,0.1195792275944977,0.0848837149892596,0.9921515097493904,0.027057715638645,2891,"('2024-01-01 01:00:00+00:00', '2024-05-31 23:00:00+00:00')",0.0456589415427187
M4,00282,raw,0.1497603833865814,0.5515153107977941,0.2201978016660998,0.1432324213098036,0.9090380568758696,0.0401308126269325,7512,"('2023-07-24 00:00:00+00:00', '2024-05-31 23:00:00+00:00')",
M4,00282,clean,0.1497603833865814,0.7345690527001134,0.1677003166806222,0.1132208357347181,0.8185124382591557,0.0643771827896936,6387,"('2023-07-24 00:00:00+00:00', '2024-05-31 23:00:00+00:00')",
M4,00282,clean_exkl_curt,0.1497603833865814,0.7297162783954451,0.1681905166380432,0.1137970609221016,0.8159300007649083,0.0649057162011373,6387,"('2023-07-24 00:00:00+00:00', '2024-05-31 23:00:00+00:00')",0.0356975105683419
M4,00298,raw,0.1702609158679446,0.4837256775197225,0.237150435739261,0.1475647911976057,1.30201102276071,0.1064471017166486,7512,"('2023-07-24 00:00:00+00:00', '2024-05-31 23:00:00+00:00')",
M4,00298,clean,0.1702609158679446,0.7761010341654169,0.1535644855976384,0.1045589127363104,1.2152982211021408,0.0757417848878414,6233,"('2023-07-24 00:00:00+00:00', '2024-05-31 23:00:00+00:00')",
M4,00298,clean_exkl_curt,0.1702609158679446,0.7670012986250445,0.1547682230461567,0.1055744202056358,1.2237815413163964,0.0768247774158473,6233,"('2023-07-24 00:00:00+00:00', '2024-05-31 23:00:00+00:00')",0.0388256056473608
M4,01200_1,raw,0.1273961661341852,0.0798791353204139,0.2799514087396063,0.1715608901347536,1.5527851678180646,0.1519556413244938,7512,"('2023-07-24 00:00:00+00:00', '2024-05-31 23:00:00+00:00')",
M4,01200_1,clean,0.1273961661341852,0.6146315167416243,0.174862635858389,0.1241010534961382,1.3982904082593093,0.1108104678000333,6555,"('2023-07-24 00:00:00+00:00', '2024-05-31 23:00:00+00:00')",
M4,01200_1,clean_exkl_curt,0.1273961661341852,0.5881531855236917,0.1751936800520539,0.1243038879241763,1.4152948780054893,0.1109236004432908,6555,"('2023-07-24 00:00:00+00:00', '2024-05-31 23:00:00+00:00')",0.040274599542334
M4,01200_2,raw,0.1401757188498402,0.3699818891929568,0.2309520045218197,0.1561231740144472,1.4988703637577994,0.1425159371854142,7512,"('2023-07-24 00:00:00+00:00', '2024-05-31 23:00:00+00:00')",
M4,01200_2,clean,0.1401757188498402,0.441660235515366,0.1960202036158453,0.1385935299259479,1.532355656214707,0.132110144410827,6459,"('2023-07-24 01:00:00+00:00', '2024-05-31 23:00:00+00:00')",
M4,01200_2,clean_exkl_curt,0.1401757188498402,0.404515449038423,0.1961447094983063,0.1387366826688696,1.554515067357793,0.132386467998151,6459,"('2023-07-24 01:00:00+00:00', '2024-05-31 23:00:00+00:00')",0.0354544047066109
M4,01303_1,raw,0.0655039275728931,0.6540968909763071,0.1384137400665977,0.0940490167148077,1.3095450848611865,0.0677521686115653,7511,"('2023-07-24 00:00:00+00:00', '2024-05-31 23:00:00+00:00')",
M4,01303_1,clean,0.0655039275728931,0.6868569157071513,0.1214629100399365,0.08537815022035,1.3274257747874312,0.0669659743826815,7019,"('2023-07-24 00:00:00+00:00', '2024-05-31 23:00:00+00:00')",
M4,01303_1,clean_exkl_curt,0.0655039275728931,0.6666643115254185,0.1200332069550549,0.0841059555168623,1.3361315226922732,0.0659364869175138,7019,"('2023-07-24 00:00:00+00:00', '2024-05-31 23:00:00+00:00')",0.0430260720900413
M4,01303_2,raw,0.0801491146318732,0.6503208493402118,0.1276343850197704,0.0851398496645025,1.279472126860018,0.0563417339727209,7511,"('2023-07-24 00:00:00+00:00', '2024-05-31 23:00:00+00:00')",
M4,01303_2,clean,0.0801491146318732,0.6954703870801956,0.1076777004066399,0.0750819805274083,1.2873619139959558,0.0539477257168578,6909,"('2023-07-24 00:00:00+00:00', '2024-05-31 23:00:00+00:00')",
M4,01303_2,clean_exkl_curt,0.0801491146318732,0.6797809167700261,0.1058267420126888,0.0734632548046613,1.2909809585031915,0.0524897159727558,6909,"('2023-07-24 00:00:00+00:00', '2024-05-31 23:00:00+00:00')",0.0424084527427992
M4,02483,raw,0.1871671991480298,0.6913414484035625,0.1998969963144929,0.1327034835413309,0.9386046605150968,0.0284601132440072,7512,"('2023-07-24 00:00:00+00:00', '2024-05-31 23:00:00+00:00')",
M4,02483,clean,0.1871671991480298,0.8874508067090354,0.1248623896636195,0.0892044760565795,0.9110223883362248,0.0401696235483733,6106,"('2023-07-24 01:00:00+00:00', '2024-05-31 23:00:00+00:00')",
M4,02483,clean_exkl_curt,0.1871671991480298,0.8828970923393451,0.1262656759756031,0.0901966799489801,0.9071704878023692,0.0410959814899756,6106,"('2023-07-24 01:00:00+00:00', '2024-05-31 23:00:00+00:00')",0.0524074680641991
M4,04745,raw,0.0123983468870817,0.6127409610360741,0.0872061432074189,0.0496685727460607,1.2198014940955195,0.0263486617517507,7501,"('2023-07-24 00:00:00+00:00', '2024-05-31 23:00:00+00:00')",
M4,04745,clean,0.0123983468870817,0.667362400696266,0.0783319352676768,0.0467245206260114,1.2029794830524254,0.0245203106454034,7408,"('2023-07-24 00:00:00+00:00', '2024-05-31 23:00:00+00:00')",
M4,04745,clean_exkl_curt,0.0123983468870817,0.6466564310069669,0.074074813491895,0.0442283932023811,1.2093254364776138,0.023668281297717,7408,"('2023-07-24 00:00:00+00:00', '2024-05-31 23:00:00+00:00')",0.0480561555075593
M4,05347,raw,0.2287311942484355,0.5494486360521256,0.2019942682974656,0.1257262720955034,1.18630521639327,0.0510640646379758,7511,"('2023-07-24 00:00:00+00:00', '2024-05-31 23:00:00+00:00')",
M4,05347,clean,0.2287311942484355,0.7862207768912879,0.130358887163259,0.0855983364099392,1.0740813478377478,0.0469941821464865,5793,"('2023-07-24 03:00:00+00:00', '2024-05-30 20:00:00+00:00')",
M4,05347,clean_exkl_curt,0.2287311942484355,0.7739456478729558,0.1301161036426892,0.0855818544935528,1.0718285335613638,0.0468618361333671,5793,"('2023-07-24 03:00:00+00:00', '2024-05-30 20:00:00+00:00')",0.0393578456758156
M4,05426,raw,0.1568157614483493,0.5775956601630073,0.1991234269913706,0.1254486547714024,1.1377243971511968,0.0389016566489428,7512,"('2023-07-24 00:00:00+00:00', '2024-05-31 23:00:00+00:00')",
M4,05426,clean,0.1568157614483493,0.7574462283476894,0.1467518012835881,0.09896482094883,1.106098487288056,0.0351937065528763,6334,"('2023-07-24 04:00:00+00:00', '2024-05-31 18:00:00+00:00')",
M4,05426,clean_exkl_curt,0.1568157614483493,0.7465574392538052,0.1471965983919675,0.0992767872991687,1.1064884491997322,0.0352166947684656,6334,"('2023-07-24 04:00:00+00:00', '2024-05-31 18:00:00+00:00')",0.046100410483107
M4,07374,raw,0.0319488817891373,0.6793066302224446,0.1185840603409868,0.0713448418989033,1.088271857856856,0.0169696037948603,7512,"('2023-07-24 00:00:00+00:00', '2024-05-31 23:00:00+00:00')",
M4,07374,clean,0.0319488817891373,0.7562052477186034,0.1033563254257511,0.0658694699972559,1.0527074169917978,0.0110186126880256,7272,"('2023-07-24 00:00:00+00:00', '2024-05-31 23:00:00+00:00')",
M4,07374,clean_exkl_curt,0.0319488817891373,0.759411508569266,0.0991659403763788,0.0633574824399873,1.045069713899342,0.0092035560404029,7272,"('2023-07-24 00:00:00+00:00', '2024-05-31 23:00:00+00:00')",0.0468921892189218
M4all,00198_1,raw,0.0955804046858359,0.3910977839505234,0.2143788808322951,0.1351350413908094,1.0633191984453658,0.0331981523452168,7512,"('2023-07-24 00:00:00+00:00', '2024-05-31 23:00:00+00:00')",
M4all,00198_1,clean,0.0955804046858359,0.5475979872898901,0.1810374510013447,0.1189910680732226,1.0208120635278082,0.0371431259616019,6794,"('2023-07-24 00:00:00+00:00', '2024-05-31 23:00:00+00:00')",
M4all,00198_1,clean_exkl_curt,0.0955804046858359,0.5230969561947092,0.1806704074390109,0.1185671843478805,1.0125215091607611,0.0374512264024535,6794,"('2023-07-24 00:00:00+00:00', '2024-05-31 23:00:00+00:00')",0.0507801000883132
M4all,00198_2,raw,0.2077281446971772,0.7080244056533935,0.1813893328502211,0.121877711366487,1.0049081626414087,0.0320720614647218,3649,"('2023-12-31 23:00:00+00:00', '2024-05-31 23:00:00+00:00')",
M4all,00198_2,clean,0.2077281446971772,0.8695863682022389,0.1191213122986793,0.0844953129995562,0.9891863244787412,0.0276944186084392,2891,"('2024-01-01 01:00:00+00:00', '2024-05-31 23:00:00+00:00')",
M4all,00198_2,clean_exkl_curt,0.2077281446971772,0.8655523185376879,0.1197860665437989,0.084934498454479,0.986686746633409,0.0282714478171498,2891,"('2024-01-01 01:00:00+00:00', '2024-05-31 23:00:00+00:00')",0.0456589415427187
M4all,00282,raw,0.1497603833865814,0.5515153107977941,0.2201978016660998,0.1432324213098036,0.9090380568758696,0.0401308126269325,7512,"('2023-07-24 00:00:00+00:00', '2024-05-31 23:00:00+00:00')",
M4all,00282,clean,0.1497603833865814,0.7345690527001134,0.1677003166806222,0.1132208357347181,0.8185124382591557,0.0643771827896936,6387,"('2023-07-24 00:00:00+00:00', '2024-05-31 23:00:00+00:00')",
M4all,00282,clean_exkl_curt,0.1497603833865814,0.7297162783954451,0.1681905166380432,0.1137970609221016,0.8159300007649083,0.0649057162011373,6387,"('2023-07-24 00:00:00+00:00', '2024-05-31 23:00:00+00:00')",0.0356975105683419
M4all,00298,raw,0.1702609158679446,0.4837256775197225,0.237150435739261,0.1475647911976057,1.30201102276071,0.1064471017166486,7512,"('2023-07-24 00:00:00+00:00', '2024-05-31 23:00:00+00:00')",
M4all,00298,clean,0.1702609158679446,0.7761010341654169,0.1535644855976384,0.1045589127363104,1.2152982211021408,0.0757417848878414,6233,"('2023-07-24 00:00:00+00:00', '2024-05-31 23:00:00+00:00')",
M4all,00298,clean_exkl_curt,0.1702609158679446,0.7670012986250445,0.1547682230461567,0.1055744202056358,1.2237815413163964,0.0768247774158473,6233,"('2023-07-24 00:00:00+00:00', '2024-05-31 23:00:00+00:00')",0.0388256056473608
M4all,01200_1,raw,0.1273961661341852,0.1294232443594559,0.2723101011398612,0.1626475560820024,1.5093983551245975,0.1400289990560613,7512,"('2023-07-24 00:00:00+00:00', '2024-05-31 23:00:00+00:00')",
M4all,01200_1,clean,0.1273961661341852,0.6676815555690728,0.1623813496977011,0.1141246612436413,1.3524161311734244,0.0983087762623902,6555,"('2023-07-24 00:00:00+00:00', '2024-05-31 23:00:00+00:00')",
M4all,01200_1,clean_exkl_curt,0.1273961661341852,0.6447962462687679,0.1627006743961779,0.1143176207329008,1.3674264331163326,0.0983947060143687,6555,"('2023-07-24 00:00:00+00:00', '2024-05-31 23:00:00+00:00')",0.040274599542334
M4all,01200_2,raw,0.1401757188498402,0.409609973868041,0.2235706168090923,0.1493431600592257,1.4694425030009095,0.1341104866571537,7512,"('2023-07-24 00:00:00+00:00', '2024-05-31 23:00:00+00:00')",
M4all,01200_2,clean,0.1401757188498402,0.4940224021365129,0.1866023895832607,0.1308314012220789,1.4973128867526548,0.1234269487341448,6459,"('2023-07-24 01:00:00+00:00', '2024-05-31 23:00:00+00:00')",
M4all,01200_2,clean_exkl_curt,0.1401757188498402,0.4603556143022036,0.1867218668553362,0.1309524697558335,1.5181489328528062,0.1237151702311669,6459,"('2023-07-24 01:00:00+00:00', '2024-05-31 23:00:00+00:00')",0.0354544047066109
M4all,01303_1,raw,0.0655039275728931,0.6540968909763071,0.1384137400665977,0.0940490167148077,1.3095450848611865,0.0677521686115653,7511,"('2023-07-24 00:00:00+00:00', '2024-05-31 23:00:00+00:00')",
M4all,01303_1,clean,0.0655039275728931,0.6868569157071513,0.1214629100399365,0.08537815022035,1.3274257747874312,0.0669659743826815,7019,"('2023-07-24 00:00:00+00:00', '2024-05-31 23:00:00+00:00')",
M4all,01303_1,clean_exkl_curt,0.0655039275728931,0.6666643115254185,0.1200332069550549,0.0841059555168623,1.3361315226922732,0.0659364869175138,7019,"('2023-07-24 00:00:00+00:00', '2024-05-31 23:00:00+00:00')",0.0430260720900413
M4all,01303_2,raw,0.0801491146318732,0.7665043229110342,0.1042971024356492,0.0678689350957175,1.109280823601588,0.0236050534766026,7511,"('2023-07-24 00:00:00+00:00', '2024-05-31 23:00:00+00:00')",
M4all,01303_2,clean,0.0801491146318732,0.8293768790102207,0.0805990545946006,0.0567891544787903,1.102653797512957,0.0214183970425331,6909,"('2023-07-24 00:00:00+00:00', '2024-05-31 23:00:00+00:00')",
M4all,01303_2,clean_exkl_curt,0.0801491146318732,0.8199847871384478,0.0793462534869472,0.0557477666406471,1.102578677107457,0.0206194612446981,6909,"('2023-07-24 00:00:00+00:00', '2024-05-31 23:00:00+00:00')",0.0424084527427992
M4all,02483,raw,0.1871671991480298,0.6913414484035625,0.1998969963144929,0.1327034835413309,0.9386046605150968,0.0284601132440072,7512,"('2023-07-24 00:00:00+00:00', '2024-05-31 23:00:00+00:00')",
M4all,02483,clean,0.1871671991480298,0.8874508067090354,0.1248623896636195,0.0892044760565795,0.9110223883362248,0.0401696235483733,6106,"('2023-07-24 01:00:00+00:00', '2024-05-31 23:00:00+00:00')",
M4all,02483,clean_exkl_curt,0.1871671991480298,0.8828970923393451,0.1262656759756031,0.0901966799489801,0.9071704878023692,0.0410959814899756,6106,"('2023-07-24 01:00:00+00:00', '2024-05-31 23:00:00+00:00')",0.0524074680641991
M4all,04745,raw,0.0123983468870817,0.7137432165353812,0.0749763322684076,0.0430338131348899,1.0605879494107628,0.0111393787862426,7501,"('2023-07-24 00:00:00+00:00', '2024-05-31 23:00:00+00:00')",
M4all,04745,clean,0.0123983468870817,0.7607546718093647,0.066431631814903,0.0403236994408947,1.043785750235806,0.009742069763258,7408,"('2023-07-24 00:00:00+00:00', '2024-05-31 23:00:00+00:00')",
M4all,04745,clean_exkl_curt,0.0123983468870817,0.7499551283863386,0.0623133280500626,0.0379019330607227,1.0475769323454305,0.0100846282365459,7408,"('2023-07-24 00:00:00+00:00', '2024-05-31 23:00:00+00:00')",0.0480561555075593
M4all,05347,raw,0.2287311942484355,0.5540071610733897,0.2009698158906371,0.1250852851525099,1.179781365517884,0.0496350477328257,7511,"('2023-07-24 00:00:00+00:00', '2024-05-31 23:00:00+00:00')",
M4all,05347,clean,0.2287311942484355,0.7899549756121145,0.129215346427988,0.0849942170746404,1.0675616199214866,0.0464243603863544,5793,"('2023-07-24 03:00:00+00:00', '2024-05-30 20:00:00+00:00')",
M4all,05347,clean_exkl_curt,0.2287311942484355,0.7778215983218292,0.1289957887818927,0.0849925109525008,1.0651009358801782,0.0463239361262271,5793,"('2023-07-24 03:00:00+00:00', '2024-05-30 20:00:00+00:00')",0.0393578456758156
M4all,05426,raw,0.1568157614483493,0.5834595662033168,0.1977364599435451,0.1243128131062431,1.1261740774002316,0.0359085562752661,7512,"('2023-07-24 00:00:00+00:00', '2024-05-31 23:00:00+00:00')",
M4all,05426,clean,0.1568157614483493,0.7636495637013168,0.1448630513193304,0.0977495733428605,1.09478471985906,0.0345607101664607,6334,"('2023-07-24 04:00:00+00:00', '2024-05-31 18:00:00+00:00')",
M4all,05426,clean_exkl_curt,0.1568157614483493,0.7530586888448847,0.1452964069649564,0.0980544717271623,1.094851122007434,0.0346701560013537,6334,"('2023-07-24 04:00:00+00:00', '2024-05-31 18:00:00+00:00')",0.046100410483107
M4all,07374,raw,0.0319488817891373,0.6793066302224446,0.1185840603409868,0.0713448418989033,1.088271857856856,0.0169696037948603,7512,"('2023-07-24 00:00:00+00:00', '2024-05-31 23:00:00+00:00')",
M4all,07374,clean,0.0319488817891373,0.7562052477186034,0.1033563254257511,0.0658694699972559,1.0527074169917978,0.0110186126880256,7272,"('2023-07-24 00:00:00+00:00', '2024-05-31 23:00:00+00:00')",
M4all,07374,clean_exkl_curt,0.0319488817891373,0.759411508569266,0.0991659403763788,0.0633574824399873,1.045069713899342,0.0092035560404029,7272,"('2023-07-24 00:00:00+00:00', '2024-05-31 23:00:00+00:00')",0.0468921892189218
M4all_noage,00198_1,raw,0.0955804046858359,0.3784958814503432,0.2165859236314268,0.1363157539399936,1.088502282279113,0.0338123759766093,7512,"('2023-07-24 00:00:00+00:00', '2024-05-31 23:00:00+00:00')",
M4all_noage,00198_1,clean,0.0955804046858359,0.5363491857294966,0.1832743447009017,0.1200869953794062,1.0459131013875942,0.0368528881571237,6794,"('2023-07-24 00:00:00+00:00', '2024-05-31 23:00:00+00:00')",
M4all_noage,00198_1,clean_exkl_curt,0.0955804046858359,0.5116506842553471,0.1828257099596776,0.119627249360344,1.038316327322558,0.0369851022961477,6794,"('2023-07-24 00:00:00+00:00', '2024-05-31 23:00:00+00:00')",0.0507801000883132
M4all_noage,00198_2,raw,0.2077281446971772,0.7079212656280186,0.1814213678025563,0.1219470875962179,1.0101409344120669,0.0312148553493689,3649,"('2023-12-31 23:00:00+00:00', '2024-05-31 23:00:00+00:00')",
M4all_noage,00198_2,clean,0.2077281446971772,0.8700183252306023,0.1189238714110813,0.0844440136498103,0.9945917185695232,0.0264910533997426,2891,"('2024-01-01 01:00:00+00:00', '2024-05-31 23:00:00+00:00')",
M4all_noage,00198_2,clean_exkl_curt,0.2077281446971772,0.8660162290500142,0.1195792275944977,0.0848837149892596,0.9921515097493904,0.027057715638645,2891,"('2024-01-01 01:00:00+00:00', '2024-05-31 23:00:00+00:00')",0.0456589415427187
M4all_noage,00282,raw,0.1497603833865814,0.5540697158252248,0.219569823068024,0.1426747530764944,0.9180239883353384,0.0377052791710021,7512,"('2023-07-24 00:00:00+00:00', '2024-05-31 23:00:00+00:00')",
M4all_noage,00282,clean,0.1497603833865814,0.7398827609687124,0.1660132195273151,0.1122217340756458,0.8276205077675579,0.061153806152409,6387,"('2023-07-24 00:00:00+00:00', '2024-05-31 23:00:00+00:00')",
M4all_noage,00282,clean_exkl_curt,0.1497603833865814,0.7350926394130285,0.1665093296126934,0.1128006760419089,0.8250981912013763,0.0616802088526795,6387,"('2023-07-24 00:00:00+00:00', '2024-05-31 23:00:00+00:00')",0.0356975105683419
M4all_noage,00298,raw,0.1702609158679446,0.4722584714635239,0.2397696998138091,0.1499255327202847,1.3139829814048682,0.1106667078032192,7512,"('2023-07-24 00:00:00+00:00', '2024-05-31 23:00:00+00:00')",
M4all_noage,00298,clean,0.1702609158679446,0.7644442454636433,0.1575112596562136,0.1072817475264511,1.2279016063399932,0.0801309428453216,6233,"('2023-07-24 00:00:00+00:00', '2024-05-31 23:00:00+00:00')",
M4all_noage,00298,clean_exkl_curt,0.1702609158679446,0.7549072555422065,0.158734114470443,0.1083069579768294,1.236696893422181,0.0812122772886385,6233,"('2023-07-24 00:00:00+00:00', '2024-05-31 23:00:00+00:00')",0.0388256056473608
M4all_noage,01200_1,raw,0.1273961661341852,0.0798791353204139,0.2799514087396063,0.1715608901347536,1.5527851678180646,0.1519556413244938,7512,"('2023-07-24 00:00:00+00:00', '2024-05-31 23:00:00+00:00')",
M4all_noage,01200_1,clean,0.1273961661341852,0.6146315167416243,0.174862635858389,0.1241010534961382,1.3982904082593093,0.1108104678000333,6555,"('2023-07-24 00:00:00+00:00', '2024-05-31 23:00:00+00:00')",
M4all_noage,01200_1,clean_exkl_curt,0.1273961661341852,0.5881531855236917,0.1751936800520539,0.1243038879241763,1.4152948780054893,0.1109236004432908,6555,"('2023-07-24 00:00:00+00:00', '2024-05-31 23:00:00+00:00')",0.040274599542334
M4all_noage,01200_2,raw,0.1401757188498402,0.3699818891929568,0.2309520045218197,0.1561231740144472,1.4988703637577994,0.1425159371854142,7512,"('2023-07-24 00:00:00+00:00', '2024-05-31 23:00:00+00:00')",
M4all_noage,01200_2,clean,0.1401757188498402,0.441660235515366,0.1960202036158453,0.1385935299259479,1.532355656214707,0.132110144410827,6459,"('2023-07-24 01:00:00+00:00', '2024-05-31 23:00:00+00:00')",
M4all_noage,01200_2,clean_exkl_curt,0.1401757188498402,0.404515449038423,0.1961447094983063,0.1387366826688696,1.554515067357793,0.132386467998151,6459,"('2023-07-24 01:00:00+00:00', '2024-05-31 23:00:00+00:00')",0.0354544047066109
M4all_noage,01303_1,raw,0.0655039275728931,0.5740808743701487,0.153590920139039,0.1059572066717237,1.3869030148790535,0.084597402447653,7511,"('2023-07-24 00:00:00+00:00', '2024-05-31 23:00:00+00:00')",
M4all_noage,01303_1,clean,0.0655039275728931,0.5916035934179754,0.138711741900791,0.0981718361590297,1.4112486430061837,0.0839410182838573,7019,"('2023-07-24 00:00:00+00:00', '2024-05-31 23:00:00+00:00')",
M4all_noage,01303_1,clean_exkl_curt,0.0655039275728931,0.5645647948571251,0.1371899418593708,0.0968065226727998,1.4228482251532797,0.0827730076917111,7019,"('2023-07-24 00:00:00+00:00', '2024-05-31 23:00:00+00:00')",0.0430260720900413
M4all_noage,01303_2,raw,0.0801491146318732,0.6503208493402118,0.1276343850197704,0.0851398496645025,1.279472126860018,0.0563417339727209,7511,"('2023-07-24 00:00:00+00:00', '2024-05-31 23:00:00+00:00')",
M4all_noage,01303_2,clean,0.0801491146318732,0.6954703870801956,0.1076777004066399,0.0750819805274083,1.2873619139959558,0.0539477257168578,6909,"('2023-07-24 00:00:00+00:00', '2024-05-31 23:00:00+00:00')",
M4all_noage,01303_2,clean_exkl_curt,0.0801491146318732,0.6797809167700261,0.1058267420126888,0.0734632548046613,1.2909809585031915,0.0524897159727558,6909,"('2023-07-24 00:00:00+00:00', '2024-05-31 23:00:00+00:00')",0.0424084527427992
M4all_noage,02483,raw,0.1871671991480298,0.6928932339878588,0.1993938705479112,0.1322211240031335,0.9488485197253672,0.023719329543939,7512,"('2023-07-24 00:00:00+00:00', '2024-05-31 23:00:00+00:00')",
M4all_noage,02483,clean,0.1871671991480298,0.8907026322310098,0.1230453768040439,0.0882241292540038,0.92138752887555,0.0354902015487807,6106,"('2023-07-24 01:00:00+00:00', '2024-05-31 23:00:00+00:00')",
M4all_noage,02483,clean_exkl_curt,0.1871671991480298,0.8863595929298773,0.1243849566441953,0.0891899013210289,0.9178185563846878,0.0363820406428954,6106,"('2023-07-24 01:00:00+00:00', '2024-05-31 23:00:00+00:00')",0.0524074680641991
M4all_noage,04745,raw,0.0123983468870817,0.6127409610360741,0.0872061432074189,0.0496685727460607,1.2198014940955195,0.0263486617517507,7501,"('2023-07-24 00:00:00+00:00', '2024-05-31 23:00:00+00:00')",
M4all_noage,04745,clean,0.0123983468870817,0.667362400696266,0.0783319352676768,0.0467245206260114,1.2029794830524254,0.0245203106454034,7408,"('2023-07-24 00:00:00+00:00', '2024-05-31 23:00:00+00:00')",
M4all_noage,04745,clean_exkl_curt,0.0123983468870817,0.6466564310069669,0.074074813491895,0.0442283932023811,1.2093254364776138,0.023668281297717,7408,"('2023-07-24 00:00:00+00:00', '2024-05-31 23:00:00+00:00')",0.0480561555075593
M4all_noage,05347,raw,0.2287311942484355,0.5494486360521256,0.2019942682974656,0.1257262720955034,1.18630521639327,0.0510640646379758,7511,"('2023-07-24 00:00:00+00:00', '2024-05-31 23:00:00+00:00')",
M4all_noage,05347,clean,0.2287311942484355,0.7862207768912879,0.130358887163259,0.0855983364099392,1.0740813478377478,0.0469941821464865,5793,"('2023-07-24 03:00:00+00:00', '2024-05-30 20:00:00+00:00')",
M4all_noage,05347,clean_exkl_curt,0.2287311942484355,0.7739456478729558,0.1301161036426892,0.0855818544935528,1.0718285335613638,0.0468618361333671,5793,"('2023-07-24 03:00:00+00:00', '2024-05-30 20:00:00+00:00')",0.0393578456758156
M4all_noage,05426,raw,0.1568157614483493,0.5775956601630073,0.1991234269913706,0.1254486547714024,1.1377243971511968,0.0389016566489428,7512,"('2023-07-24 00:00:00+00:00', '2024-05-31 23:00:00+00:00')",
M4all_noage,05426,clean,0.1568157614483493,0.7574462283476894,0.1467518012835881,0.09896482094883,1.106098487288056,0.0351937065528763,6334,"('2023-07-24 04:00:00+00:00', '2024-05-31 18:00:00+00:00')",
M4all_noage,05426,clean_exkl_curt,0.1568157614483493,0.7465574392538052,0.1471965983919675,0.0992767872991687,1.1064884491997322,0.0352166947684656,6334,"('2023-07-24 04:00:00+00:00', '2024-05-31 18:00:00+00:00')",0.046100410483107
M4all_noage,07374,raw,0.0319488817891373,0.5803102451299773,0.1356580311978405,0.0833526167459748,1.247846549550153,0.0476420151617091,7512,"('2023-07-24 00:00:00+00:00', '2024-05-31 23:00:00+00:00')",
M4all_noage,07374,clean,0.0319488817891373,0.6731893751965405,0.1196666043615393,0.0772727725636666,1.2077636193712729,0.041212339853347,7272,"('2023-07-24 00:00:00+00:00', '2024-05-31 23:00:00+00:00')",
M4all_noage,07374,clean_exkl_curt,0.0319488817891373,0.6771033089684638,0.1148833013860711,0.0743630622760943,1.2023472491302534,0.0385776504977561,7272,"('2023-07-24 00:00:00+00:00', '2024-05-31 23:00:00+00:00')",0.0468921892189218
M4b,00198_1,raw,0.0955804046858359,0.3784958814503432,0.2165859236314268,0.1363157539399936,1.088502282279113,0.0338123759766093,7512,"('2023-07-24 00:00:00+00:00', '2024-05-31 23:00:00+00:00')",
M4b,00198_1,clean,0.0955804046858359,0.5363491857294966,0.1832743447009017,0.1200869953794062,1.0459131013875942,0.0368528881571237,6794,"('2023-07-24 00:00:00+00:00', '2024-05-31 23:00:00+00:00')",
M4b,00198_1,clean_exkl_curt,0.0955804046858359,0.5116506842553471,0.1828257099596776,0.119627249360344,1.038316327322558,0.0369851022961477,6794,"('2023-07-24 00:00:00+00:00', '2024-05-31 23:00:00+00:00')",0.0507801000883132
M4b,00198_2,raw,0.2077281446971772,0.7079212656280186,0.1814213678025563,0.1219470875962179,1.0101409344120669,0.0312148553493689,3649,"('2023-12-31 23:00:00+00:00', '2024-05-31 23:00:00+00:00')",
M4b,00198_2,clean,0.2077281446971772,0.8700183252306023,0.1189238714110813,0.0844440136498103,0.9945917185695232,0.0264910533997426,2891,"('2024-01-01 01:00:00+00:00', '2024-05-31 23:00:00+00:00')",
M4b,00198_2,clean_exkl_curt,0.2077281446971772,0.8660162290500142,0.1195792275944977,0.0848837149892596,0.9921515097493904,0.027057715638645,2891,"('2024-01-01 01:00:00+00:00', '2024-05-31 23:00:00+00:00')",0.0456589415427187
M4b,00282,raw,0.1497603833865814,0.5515153107977941,0.2201978016660998,0.1432324213098036,0.9090380568758696,0.0401308126269325,7512,"('2023-07-24 00:00:00+00:00', '2024-05-31 23:00:00+00:00')",
M4b,00282,clean,0.1497603833865814,0.7345690527001134,0.1677003166806222,0.1132208357347181,0.8185124382591557,0.0643771827896936,6387,"('2023-07-24 00:00:00+00:00', '2024-05-31 23:00:00+00:00')",
M4b,00282,clean_exkl_curt,0.1497603833865814,0.7297162783954451,0.1681905166380432,0.1137970609221016,0.8159300007649083,0.0649057162011373,6387,"('2023-07-24 00:00:00+00:00', '2024-05-31 23:00:00+00:00')",0.0356975105683419
M4b,00298,raw,0.1702609158679446,0.4837256775197225,0.237150435739261,0.1475647911976057,1.30201102276071,0.1064471017166486,7512,"('2023-07-24 00:00:00+00:00', '2024-05-31 23:00:00+00:00')",
M4b,00298,clean,0.1702609158679446,0.7761010341654169,0.1535644855976384,0.1045589127363104,1.2152982211021408,0.0757417848878414,6233,"('2023-07-24 00:00:00+00:00', '2024-05-31 23:00:00+00:00')",
M4b,00298,clean_exkl_curt,0.1702609158679446,0.7670012986250445,0.1547682230461567,0.1055744202056358,1.2237815413163964,0.0768247774158473,6233,"('2023-07-24 00:00:00+00:00', '2024-05-31 23:00:00+00:00')",0.0388256056473608
M4b,01200_1,raw,0.1273961661341852,0.0798791353204139,0.2799514087396063,0.1715608901347536,1.5527851678180646,0.1519556413244938,7512,"('2023-07-24 00:00:00+00:00', '2024-05-31 23:00:00+00:00')",
M4b,01200_1,clean,0.1273961661341852,0.6146315167416243,0.174862635858389,0.1241010534961382,1.3982904082593093,0.1108104678000333,6555,"('2023-07-24 00:00:00+00:00', '2024-05-31 23:00:00+00:00')",
M4b,01200_1,clean_exkl_curt,0.1273961661341852,0.5881531855236917,0.1751936800520539,0.1243038879241763,1.4152948780054893,0.1109236004432908,6555,"('2023-07-24 00:00:00+00:00', '2024-05-31 23:00:00+00:00')",0.040274599542334
M4b,01200_2,raw,0.1401757188498402,0.3699818891929568,0.2309520045218197,0.1561231740144472,1.4988703637577994,0.1425159371854142,7512,"('2023-07-24 00:00:00+00:00', '2024-05-31 23:00:00+00:00')",
M4b,01200_2,clean,0.1401757188498402,0.441660235515366,0.1960202036158453,0.1385935299259479,1.532355656214707,0.132110144410827,6459,"('2023-07-24 01:00:00+00:00', '2024-05-31 23:00:00+00:00')",
M4b,01200_2,clean_exkl_curt,0.1401757188498402,0.404515449038423,0.1961447094983063,0.1387366826688696,1.554515067357793,0.132386467998151,6459,"('2023-07-24 01:00:00+00:00', '2024-05-31 23:00:00+00:00')",0.0354544047066109
M4b,01303_1,raw,0.0655039275728931,0.6540968909763071,0.1384137400665977,0.0940490167148077,1.3095450848611865,0.0677521686115653,7511,"('2023-07-24 00:00:00+00:00', '2024-05-31 23:00:00+00:00')",
M4b,01303_1,clean,0.0655039275728931,0.6868569157071513,0.1214629100399365,0.08537815022035,1.3274257747874312,0.0669659743826815,7019,"('2023-07-24 00:00:00+00:00', '2024-05-31 23:00:00+00:00')",
M4b,01303_1,clean_exkl_curt,0.0655039275728931,0.6666643115254185,0.1200332069550549,0.0841059555168623,1.3361315226922732,0.0659364869175138,7019,"('2023-07-24 00:00:00+00:00', '2024-05-31 23:00:00+00:00')",0.0430260720900413
M4b,01303_2,raw,0.0801491146318732,0.6503208493402118,0.1276343850197704,0.0851398496645025,1.279472126860018,0.0563417339727209,7511,"('2023-07-24 00:00:00+00:00', '2024-05-31 23:00:00+00:00')",
M4b,01303_2,clean,0.0801491146318732,0.6954703870801956,0.1076777004066399,0.0750819805274083,1.2873619139959558,0.0539477257168578,6909,"('2023-07-24 00:00:00+00:00', '2024-05-31 23:00:00+00:00')",
M4b,01303_2,clean_exkl_curt,0.0801491146318732,0.6797809167700261,0.1058267420126888,0.0734632548046613,1.2909809585031915,0.0524897159727558,6909,"('2023-07-24 00:00:00+00:00', '2024-05-31 23:00:00+00:00')",0.0424084527427992
M4b,02483,raw,0.1871671991480298,0.6913414484035625,0.1998969963144929,0.1327034835413309,0.9386046605150968,0.0284601132440072,7512,"('2023-07-24 00:00:00+00:00', '2024-05-31 23:00:00+00:00')",
M4b,02483,clean,0.1871671991480298,0.8874508067090354,0.1248623896636195,0.0892044760565795,0.9110223883362248,0.0401696235483733,6106,"('2023-07-24 01:00:00+00:00', '2024-05-31 23:00:00+00:00')",
M4b,02483,clean_exkl_curt,0.1871671991480298,0.8828970923393451,0.1262656759756031,0.0901966799489801,0.9071704878023692,0.0410959814899756,6106,"('2023-07-24 01:00:00+00:00', '2024-05-31 23:00:00+00:00')",0.0524074680641991
M4b,04745,raw,0.0123983468870817,0.6127409610360741,0.0872061432074189,0.0496685727460607,1.2198014940955195,0.0263486617517507,7501,"('2023-07-24 00:00:00+00:00', '2024-05-31 23:00:00+00:00')",
M4b,04745,clean,0.0123983468870817,0.667362400696266,0.0783319352676768,0.0467245206260114,1.2029794830524254,0.0245203106454034,7408,"('2023-07-24 00:00:00+00:00', '2024-05-31 23:00:00+00:00')",
M4b,04745,clean_exkl_curt,0.0123983468870817,0.6466564310069669,0.074074813491895,0.0442283932023811,1.2093254364776138,0.023668281297717,7408,"('2023-07-24 00:00:00+00:00', '2024-05-31 23:00:00+00:00')",0.0480561555075593
M4b,05347,raw,0.2287311942484355,0.5494486360521256,0.2019942682974656,0.1257262720955034,1.18630521639327,0.0510640646379758,7511,"('2023-07-24 00:00:00+00:00', '2024-05-31 23:00:00+00:00')",
M4b,05347,clean,0.2287311942484355,0.7862207768912879,0.130358887163259,0.0855983364099392,1.0740813478377478,0.0469941821464865,5793,"('2023-07-24 03:00:00+00:00', '2024-05-30 20:00:00+00:00')",
M4b,05347,clean_exkl_curt,0.2287311942484355,0.7739456478729558,0.1301161036426892,0.0855818544935528,1.0718285335613638,0.0468618361333671,5793,"('2023-07-24 03:00:00+00:00', '2024-05-30 20:00:00+00:00')",0.0393578456758156
M4b,05426,raw,0.1568157614483493,0.5775956601630073,0.1991234269913706,0.1254486547714024,1.1377243971511968,0.0389016566489428,7512,"('2023-07-24 00:00:00+00:00', '2024-05-31 23:00:00+00:00')",
M4b,05426,clean,0.1568157614483493,0.7574462283476894,0.1467518012835881,0.09896482094883,1.106098487288056,0.0351937065528763,6334,"('2023-07-24 04:00:00+00:00', '2024-05-31 18:00:00+00:00')",
M4b,05426,clean_exkl_curt,0.1568157614483493,0.7465574392538052,0.1471965983919675,0.0992767872991687,1.1064884491997322,0.0352166947684656,6334,"('2023-07-24 04:00:00+00:00', '2024-05-31 18:00:00+00:00')",0.046100410483107
M4b,07374,raw,0.0319488817891373,0.6904806143948581,0.1164998197301346,0.0700014393738194,1.0570452711318474,0.0114393884136486,7512,"('2023-07-24 00:00:00+00:00', '2024-05-31 23:00:00+00:00')",
M4b,07374,clean,0.0319488817891373,0.7643166706144258,0.1016223693607802,0.0646674219921442,1.0223117703015434,0.0070592170146398,7272,"('2023-07-24 00:00:00+00:00', '2024-05-31 23:00:00+00:00')",
M4b,07374,clean_exkl_curt,0.0319488817891373,0.7670530541496462,0.0975783837838028,0.0622467724626891,1.0143648464578383,0.0055749586449521,7272,"('2023-07-24 00:00:00+00:00', '2024-05-31 23:00:00+00:00')",0.0468921892189218
M4ball,00198_1,raw,0.0955804046858359,0.3910977839505234,0.2143788808322951,0.1351350413908094,1.0633191984453658,0.0331981523452168,7512,"('2023-07-24 00:00:00+00:00', '2024-05-31 23:00:00+00:00')",
M4ball,00198_1,clean,0.0955804046858359,0.5475979872898901,0.1810374510013447,0.1189910680732226,1.0208120635278082,0.0371431259616019,6794,"('2023-07-24 00:00:00+00:00', '2024-05-31 23:00:00+00:00')",
M4ball,00198_1,clean_exkl_curt,0.0955804046858359,0.5230969561947092,0.1806704074390109,0.1185671843478805,1.0125215091607611,0.0374512264024535,6794,"('2023-07-24 00:00:00+00:00', '2024-05-31 23:00:00+00:00')",0.0507801000883132
M4ball,00198_2,raw,0.2077281446971772,0.7080244056533935,0.1813893328502211,0.121877711366487,1.0049081626414087,0.0320720614647218,3649,"('2023-12-31 23:00:00+00:00', '2024-05-31 23:00:00+00:00')",
M4ball,00198_2,clean,0.2077281446971772,0.8695863682022389,0.1191213122986793,0.0844953129995562,0.9891863244787412,0.0276944186084392,2891,"('2024-01-01 01:00:00+00:00', '2024-05-31 23:00:00+00:00')",
M4ball,00198_2,clean_exkl_curt,0.2077281446971772,0.8655523185376879,0.1197860665437989,0.084934498454479,0.986686746633409,0.0282714478171498,2891,"('2024-01-01 01:00:00+00:00', '2024-05-31 23:00:00+00:00')",0.0456589415427187
M4ball,00282,raw,0.1497603833865814,0.5515153107977941,0.2201978016660998,0.1432324213098036,0.9090380568758696,0.0401308126269325,7512,"('2023-07-24 00:00:00+00:00', '2024-05-31 23:00:00+00:00')",
M4ball,00282,clean,0.1497603833865814,0.7345690527001134,0.1677003166806222,0.1132208357347181,0.8185124382591557,0.0643771827896936,6387,"('2023-07-24 00:00:00+00:00', '2024-05-31 23:00:00+00:00')",
M4ball,00282,clean_exkl_curt,0.1497603833865814,0.7297162783954451,0.1681905166380432,0.1137970609221016,0.8159300007649083,0.0649057162011373,6387,"('2023-07-24 00:00:00+00:00', '2024-05-31 23:00:00+00:00')",0.0356975105683419
M4ball,00298,raw,0.1702609158679446,0.4837256775197225,0.237150435739261,0.1475647911976057,1.30201102276071,0.1064471017166486,7512,"('2023-07-24 00:00:00+00:00', '2024-05-31 23:00:00+00:00')",
M4ball,00298,clean,0.1702609158679446,0.7761010341654169,0.1535644855976384,0.1045589127363104,1.2152982211021408,0.0757417848878414,6233,"('2023-07-24 00:00:00+00:00', '2024-05-31 23:00:00+00:00')",
M4ball,00298,clean_exkl_curt,0.1702609158679446,0.7670012986250445,0.1547682230461567,0.1055744202056358,1.2237815413163964,0.0768247774158473,6233,"('2023-07-24 00:00:00+00:00', '2024-05-31 23:00:00+00:00')",0.0388256056473608
M4ball,01200_1,raw,0.1273961661341852,0.1294232443594559,0.2723101011398612,0.1626475560820024,1.5093983551245975,0.1400289990560613,7512,"('2023-07-24 00:00:00+00:00', '2024-05-31 23:00:00+00:00')",
M4ball,01200_1,clean,0.1273961661341852,0.6676815555690728,0.1623813496977011,0.1141246612436413,1.3524161311734244,0.0983087762623902,6555,"('2023-07-24 00:00:00+00:00', '2024-05-31 23:00:00+00:00')",
M4ball,01200_1,clean_exkl_curt,0.1273961661341852,0.6447962462687679,0.1627006743961779,0.1143176207329008,1.3674264331163326,0.0983947060143687,6555,"('2023-07-24 00:00:00+00:00', '2024-05-31 23:00:00+00:00')",0.040274599542334
M4ball,01200_2,raw,0.1401757188498402,0.409609973868041,0.2235706168090923,0.1493431600592257,1.4694425030009095,0.1341104866571537,7512,"('2023-07-24 00:00:00+00:00', '2024-05-31 23:00:00+00:00')",
M4ball,01200_2,clean,0.1401757188498402,0.4940224021365129,0.1866023895832607,0.1308314012220789,1.4973128867526548,0.1234269487341448,6459,"('2023-07-24 01:00:00+00:00', '2024-05-31 23:00:00+00:00')",
M4ball,01200_2,clean_exkl_curt,0.1401757188498402,0.4603556143022036,0.1867218668553362,0.1309524697558335,1.5181489328528062,0.1237151702311669,6459,"('2023-07-24 01:00:00+00:00', '2024-05-31 23:00:00+00:00')",0.0354544047066109
M4ball,01303_1,raw,0.0655039275728931,0.6540968909763071,0.1384137400665977,0.0940490167148077,1.3095450848611865,0.0677521686115653,7511,"('2023-07-24 00:00:00+00:00', '2024-05-31 23:00:00+00:00')",
M4ball,01303_1,clean,0.0655039275728931,0.6868569157071513,0.1214629100399365,0.08537815022035,1.3274257747874312,0.0669659743826815,7019,"('2023-07-24 00:00:00+00:00', '2024-05-31 23:00:00+00:00')",
M4ball,01303_1,clean_exkl_curt,0.0655039275728931,0.6666643115254185,0.1200332069550549,0.0841059555168623,1.3361315226922732,0.0659364869175138,7019,"('2023-07-24 00:00:00+00:00', '2024-05-31 23:00:00+00:00')",0.0430260720900413
M4ball,01303_2,raw,0.0801491146318732,0.7831631229657241,0.1005077134121814,0.0651583510660685,1.0678214441242002,0.0159571579694079,7511,"('2023-07-24 00:00:00+00:00', '2024-05-31 23:00:00+00:00')",
M4ball,01303_2,clean,0.0801491146318732,0.8473380633308498,0.0762388594615539,0.0539850324467869,1.0580483082747296,0.0138780784104014,6909,"('2023-07-24 00:00:00+00:00', '2024-05-31 23:00:00+00:00')",
M4ball,01303_2,clean_exkl_curt,0.0801491146318732,0.8384733093480778,0.0751612456197162,0.0530834585449412,1.0573876855975377,0.0132693395872143,6909,"('2023-07-24 00:00:00+00:00', '2024-05-31 23:00:00+00:00')",0.0424084527427992
M4ball,02483,raw,0.1871671991480298,0.6913414484035625,0.1998969963144929,0.1327034835413309,0.9386046605150968,0.0284601132440072,7512,"('2023-07-24 00:00:00+00:00', '2024-05-31 23:00:00+00:00')",
M4ball,02483,clean,0.1871671991480298,0.8874508067090354,0.1248623896636195,0.0892044760565795,0.9110223883362248,0.0401696235483733,6106,"('2023-07-24 01:00:00+00:00', '2024-05-31 23:00:00+00:00')",
M4ball,02483,clean_exkl_curt,0.1871671991480298,0.8828970923393451,0.1262656759756031,0.0901966799489801,0.9071704878023692,0.0410959814899756,6106,"('2023-07-24 01:00:00+00:00', '2024-05-31 23:00:00+00:00')",0.0524074680641991
M4ball,04745,raw,0.0123983468870817,0.7181646838665562,0.0743950438978297,0.0427423025461115,1.0483895001453616,0.0100562443271996,7501,"('2023-07-24 00:00:00+00:00', '2024-05-31 23:00:00+00:00')",
M4ball,04745,clean,0.0123983468870817,0.7646063921014049,0.0658947053317642,0.0400479908163018,1.0315782133330786,0.0086949317909548,7408,"('2023-07-24 00:00:00+00:00', '2024-05-31 23:00:00+00:00')",
M4ball,04745,clean_exkl_curt,0.0123983468870817,0.7545675090058264,0.0617359305387586,0.0376115649782938,1.0351663065459518,0.0091172041255946,7408,"('2023-07-24 00:00:00+00:00', '2024-05-31 23:00:00+00:00')",0.0480561555075593
M4ball,05347,raw,0.2287311942484355,0.5540071610733897,0.2009698158906371,0.1250852851525099,1.179781365517884,0.0496350477328257,7511,"('2023-07-24 00:00:00+00:00', '2024-05-31 23:00:00+00:00')",
M4ball,05347,clean,0.2287311942484355,0.7899549756121145,0.129215346427988,0.0849942170746404,1.0675616199214866,0.0464243603863544,5793,"('2023-07-24 03:00:00+00:00', '2024-05-30 20:00:00+00:00')",
M4ball,05347,clean_exkl_curt,0.2287311942484355,0.7778215983218292,0.1289957887818927,0.0849925109525008,1.0651009358801782,0.0463239361262271,5793,"('2023-07-24 03:00:00+00:00', '2024-05-30 20:00:00+00:00')",0.0393578456758156
M4ball,05426,raw,0.1568157614483493,0.5834595662033168,0.1977364599435451,0.1243128131062431,1.1261740774002316,0.0359085562752661,7512,"('2023-07-24 00:00:00+00:00', '2024-05-31 23:00:00+00:00')",
M4ball,05426,clean,0.1568157614483493,0.7636495637013168,0.1448630513193304,0.0977495733428605,1.09478471985906,0.0345607101664607,6334,"('2023-07-24 04:00:00+00:00', '2024-05-31 18:00:00+00:00')",
M4ball,05426,clean_exkl_curt,0.1568157614483493,0.7530586888448847,0.1452964069649564,0.0980544717271623,1.094851122007434,0.0346701560013537,6334,"('2023-07-24 04:00:00+00:00', '2024-05-31 18:00:00+00:00')",0.046100410483107
M4ball,07374,raw,0.0319488817891373,0.6904806143948581,0.1164998197301346,0.0700014393738194,1.0570452711318474,0.0114393884136486,7512,"('2023-07-24 00:00:00+00:00', '2024-05-31 23:00:00+00:00')",
M4ball,07374,clean,0.0319488817891373,0.7643166706144258,0.1016223693607802,0.0646674219921442,1.0223117703015434,0.0070592170146398,7272,"('2023-07-24 00:00:00+00:00', '2024-05-31 23:00:00+00:00')",
M4ball,07374,clean_exkl_curt,0.0319488817891373,0.7670530541496462,0.0975783837838028,0.0622467724626891,1.0143648464578383,0.0055749586449521,7272,"('2023-07-24 00:00:00+00:00', '2024-05-31 23:00:00+00:00')",0.0468921892189218
M5,00198_1,raw,0.0955804046858359,0.4308268168503072,0.2072671315095902,0.1316053049975307,1.003622858655515,0.0323555320451134,7512,"('2023-07-24 00:00:00+00:00', '2024-05-31 23:00:00+00:00')",
M5,00198_1,clean,0.0955804046858359,0.582556748519419,0.1739021231133202,0.1157332394078392,0.9610903156473244,0.0381885491088883,6794,"('2023-07-24 00:00:00+00:00', '2024-05-31 23:00:00+00:00')",
M5,00198_1,clean_exkl_curt,0.0955804046858359,0.5590876021701805,0.1737193245881738,0.1153974488281332,0.9517258134053816,0.0387916335475673,6794,"('2023-07-24 00:00:00+00:00', '2024-05-31 23:00:00+00:00')",0.0507801000883132
M5,00198_2,raw,0.2077281446971772,0.6993815742432099,0.184054426213815,0.1227557701343008,0.9230415262061552,0.0484304985071476,3649,"('2023-12-31 23:00:00+00:00', '2024-05-31 23:00:00+00:00')",
M5,00198_2,clean,0.2077281446971772,0.8493124454402289,0.1280461918636568,0.0884215939654809,0.9072217930333406,0.0466237643856654,2891,"('2024-01-01 01:00:00+00:00', '2024-05-31 23:00:00+00:00')",
M5,00198_2,clean_exkl_curt,0.2077281446971772,0.8445549978224176,0.1288006418051285,0.0888577461318945,0.9037015377606706,0.0472677351032676,2891,"('2024-01-01 01:00:00+00:00', '2024-05-31 23:00:00+00:00')",0.0456589415427187
M5,00282,raw,0.1497603833865814,0.5107495778816695,0.2299877861585536,0.1510473765979106,0.8325675614880841,0.0638860629860504,7512,"('2023-07-24 00:00:00+00:00', '2024-05-31 23:00:00+00:00')",
M5,00282,clean,0.1497603833865814,0.6705087603193793,0.1868443803907143,0.1250934581662213,0.7410445763825559,0.0918453263386757,6387,"('2023-07-24 00:00:00+00:00', '2024-05-31 23:00:00+00:00')",
M5,00282,clean_exkl_curt,0.1497603833865814,0.6649185654404824,0.1872693670210016,0.1255927512422648,0.7379879881175687,0.0923781747311866,6387,"('2023-07-24 00:00:00+00:00', '2024-05-31 23:00:00+00:00')",0.0356975105683419
M5,00298,raw,0.1702609158679446,0.4837256775197225,0.237150435739261,0.1475647911976057,1.30201102276071,0.1064471017166486,7512,"('2023-07-24 00:00:00+00:00', '2024-05-31 23:00:00+00:00')",
M5,00298,clean,0.1702609158679446,0.7761010341654169,0.1535644855976384,0.1045589127363104,1.2152982211021408,0.0757417848878414,6233,"('2023-07-24 00:00:00+00:00', '2024-05-31 23:00:00+00:00')",
M5,00298,clean_exkl_curt,0.1702609158679446,0.7670012986250445,0.1547682230461567,0.1055744202056358,1.2237815413163964,0.0768247774158473,6233,"('2023-07-24 00:00:00+00:00', '2024-05-31 23:00:00+00:00')",0.0388256056473608
M5,01200_1,raw,0.1273961661341852,0.2094888079695797,0.2594861780000864,0.1490684384141361,1.4292469623133008,0.1179961063397708,7512,"('2023-07-24 00:00:00+00:00', '2024-05-31 23:00:00+00:00')",
M5,01200_1,clean,0.1273961661341852,0.7402554786199949,0.1435595610560755,0.0997281435649317,1.270596314876023,0.0755126392163506,6555,"('2023-07-24 00:00:00+00:00', '2024-05-31 23:00:00+00:00')",
M5,01200_1,clean_exkl_curt,0.1273961661341852,0.7224871689445928,0.1438110024921879,0.0998880265715341,1.282357705293529,0.0756361308380905,6555,"('2023-07-24 00:00:00+00:00', '2024-05-31 23:00:00+00:00')",0.040274599542334
M5,01200_2,raw,0.1401757188498402,0.4791014122291865,0.2100012157456915,0.1363453945308536,1.4134995569524458,0.1181280258323605,7512,"('2023-07-24 00:00:00+00:00', '2024-05-31 23:00:00+00:00')",
M5,01200_2,clean,0.1401757188498402,0.5813607133120247,0.1697350557390763,0.1164104656980989,1.429591192585875,0.1066214843178399,6459,"('2023-07-24 01:00:00+00:00', '2024-05-31 23:00:00+00:00')",
M5,01200_2,clean_exkl_curt,0.1401757188498402,0.5536724537518006,0.1698119287853042,0.116401037627086,1.447747884190028,0.106909263814082,6459,"('2023-07-24 01:00:00+00:00', '2024-05-31 23:00:00+00:00')",0.0354544047066109
M5,01303_1,raw,0.0655039275728931,0.670184639883698,0.1351566472390886,0.0912899271176784,1.2842399234930733,0.0622417915835433,7511,"('2023-07-24 00:00:00+00:00', '2024-05-31 23:00:00+00:00')",
M5,01303_1,clean,0.0655039275728931,0.7057022469277291,0.1177513086942329,0.0823810072509337,1.3001072279754475,0.0614336710708987,7019,"('2023-07-24 00:00:00+00:00', '2024-05-31 23:00:00+00:00')",
M5,01303_1,clean_exkl_curt,0.0655039275728931,0.6865496320997655,0.1163978328487204,0.0811653695758496,1.3076283572488137,0.0604024418777478,7019,"('2023-07-24 00:00:00+00:00', '2024-05-31 23:00:00+00:00')",0.0430260720900413
M5,01303_2,raw,0.0801491146318732,0.7122832934296619,0.115775152318167,0.0758470583960361,1.1860119621690048,0.0381360318755171,7511,"('2023-07-24 00:00:00+00:00', '2024-05-31 23:00:00+00:00')",
M5,01303_2,clean,0.0801491146318732,0.7702246353744202,0.0935325422530458,0.0650101281207302,1.184922773199367,0.0356907135534304,6909,"('2023-07-24 00:00:00+00:00', '2024-05-31 23:00:00+00:00')",
M5,01303_2,clean_exkl_curt,0.0801491146318732,0.7583966155063135,0.0919228176658356,0.0636383970110866,1.185602563043361,0.0344488822243575,6909,"('2023-07-24 00:00:00+00:00', '2024-05-31 23:00:00+00:00')",0.0424084527427992
M5,02483,raw,0.1871671991480298,0.6862546112695913,0.2015374629657154,0.1342047075336812,0.914162103280322,0.0397905815289146,7512,"('2023-07-24 00:00:00+00:00', '2024-05-31 23:00:00+00:00')",
M5,02483,clean,0.1871671991480298,0.876207827883546,0.1309504637530958,0.0924278662270189,0.8866147800140547,0.0511886250666719,6106,"('2023-07-24 01:00:00+00:00', '2024-05-31 23:00:00+00:00')",
M5,02483,clean_exkl_curt,0.1871671991480298,0.8714164303495564,0.1323104686842131,0.0933094719514139,0.8824079327380011,0.0520584596984495,6106,"('2023-07-24 01:00:00+00:00', '2024-05-31 23:00:00+00:00')",0.0524074680641991
M5,04745,raw,0.0123983468870817,0.6672498616225742,0.0808361126491175,0.0455528999363163,1.1461037184509029,0.0191183258455189,7501,"('2023-07-24 00:00:00+00:00', '2024-05-31 23:00:00+00:00')",
M5,04745,clean,0.0123983468870817,0.7194278178061302,0.0719408380233108,0.0427044291351215,1.1290247771971125,0.0174453658091945,7408,"('2023-07-24 00:00:00+00:00', '2024-05-31 23:00:00+00:00')",
M5,04745,clean_exkl_curt,0.0123983468870817,0.7046227686222224,0.067726787906577,0.0402925376873974,1.1327566104817686,0.0170073832098857,7408,"('2023-07-24 00:00:00+00:00', '2024-05-31 23:00:00+00:00')",0.0480561555075593
M5,05347,raw,0.2287311942484355,0.6196113737144924,0.1856011459592734,0.1151647334657599,1.0773801465716406,0.0356358654807714,7511,"('2023-07-24 00:00:00+00:00', '2024-05-31 23:00:00+00:00')",
M5,05347,clean,0.2287311942484355,0.8375662825396832,0.1136307802974811,0.076082918787501,0.9620009532288596,0.0420522066461276,5793,"('2023-07-24 03:00:00+00:00', '2024-05-30 20:00:00+00:00')",
M5,05347,clean_exkl_curt,0.2287311942484355,0.8267000466632193,0.1139262588953358,0.0764204268245058,0.9564266349639006,0.0427186691639906,5793,"('2023-07-24 03:00:00+00:00', '2024-05-30 20:00:00+00:00')",0.0393578456758156
M5,05426,raw,0.1568157614483493,0.5775956601630073,0.1991234269913706,0.1254486547714024,1.1377243971511968,0.0389016566489428,7512,"('2023-07-24 00:00:00+00:00', '2024-05-31 23:00:00+00:00')",
M5,05426,clean,0.1568157614483493,0.7574462283476894,0.1467518012835881,0.09896482094883,1.106098487288056,0.0351937065528763,6334,"('2023-07-24 04:00:00+00:00', '2024-05-31 18:00:00+00:00')",
M5,05426,clean_exkl_curt,0.1568157614483493,0.7465574392538052,0.1471965983919675,0.0992767872991687,1.1064884491997322,0.0352166947684656,6334,"('2023-07-24 04:00:00+00:00', '2024-05-31 18:00:00+00:00')",0.046100410483107
M5,07374,raw,0.0319488817891373,0.6890932582564108,0.1167606208911688,0.070126344575406,1.063229809019022,0.0124832337336677,7512,"('2023-07-24 00:00:00+00:00', '2024-05-31 23:00:00+00:00')",
M5,07374,clean,0.0319488817891373,0.7628438553197544,0.1019394004375159,0.0648252179055505,1.0286928586126909,0.0076857610320702,7272,"('2023-07-24 00:00:00+00:00', '2024-05-31 23:00:00+00:00')",
M5,07374,clean_exkl_curt,0.0319488817891373,0.7654499808671523,0.0979135611845537,0.0624308984306617,1.0207926717233924,0.0061235469772759,7272,"('2023-07-24 00:00:00+00:00', '2024-05-31 23:00:00+00:00')",0.0468921892189218
M5_hybgate,00198_1,raw,0.0955804046858359,0.4353414570757891,0.2064434810800632,0.1314845558115709,0.9810572796157108,0.0339899602831529,7512,"('2023-07-24 00:00:00+00:00', '2024-05-31 23:00:00+00:00')",
M5_hybgate,00198_1,clean,0.0955804046858359,0.585328909907699,0.1733237357801362,0.1157903427508032,0.9386265208646796,0.0403220046802667,6794,"('2023-07-24 00:00:00+00:00', '2024-05-31 23:00:00+00:00')",
M5_hybgate,00198_1,clean_exkl_curt,0.0955804046858359,0.5617651965750521,0.1731910357006596,0.1154686751691439,0.9286325427524864,0.0410226839391385,6794,"('2023-07-24 00:00:00+00:00', '2024-05-31 23:00:00+00:00')",0.0507801000883132
M5_hybgate,00198_2,raw,0.2077281446971772,0.6977656835205674,0.184548429942836,0.1230089156928095,0.918552572639263,0.0496721201119464,3649,"('2023-12-31 23:00:00+00:00', '2024-05-31 23:00:00+00:00')",
M5_hybgate,00198_2,clean,0.2077281446971772,0.8472918920151903,0.1289018120824093,0.0888320731987378,0.9025889303633092,0.0479200442244946,2891,"('2024-01-01 01:00:00+00:00', '2024-05-31 23:00:00+00:00')",
M5_hybgate,00198_2,clean_exkl_curt,0.2077281446971772,0.8424884242487705,0.1296539891552331,0.0892673092204505,0.8990198649289046,0.0485631832997623,2891,"('2024-01-01 01:00:00+00:00', '2024-05-31 23:00:00+00:00')",0.0456589415427187
M5_hybgate,00282,raw,0.1794462193823216,-0.0835807629147564,0.3422707696305666,0.224242905227081,1.1790585353051133,0.0658075728111825,7512,"('2023-07-24 00:00:00+00:00', '2024-05-31 23:00:00+00:00')",
M5_hybgate,00282,clean,0.1794462193823216,0.1667731933203935,0.2915151631861644,0.1857744101385733,1.1938282762181902,0.0698699200249441,6164,"('2023-07-24 00:00:00+00:00', '2024-05-31 23:00:00+00:00')",
M5_hybgate,00282,clean_exkl_curt,0.1794462193823216,0.156532764158442,0.2920314896423194,0.1867668243326815,1.1970992453303977,0.0708828244875908,6164,"('2023-07-24 00:00:00+00:00', '2024-05-31 23:00:00+00:00')",0.0319597663854639
M5_hybgate,00298,raw,0.1702609158679446,0.4837256775197225,0.237150435739261,0.1475647911976057,1.30201102276071,0.1064471017166486,7512,"('2023-07-24 00:00:00+00:00', '2024-05-31 23:00:00+00:00')",
M5_hybgate,00298,clean,0.1702609158679446,0.7761010341654169,0.1535644855976384,0.1045589127363104,1.2152982211021408,0.0757417848878414,6233,"('2023-07-24 00:00:00+00:00', '2024-05-31 23:00:00+00:00')",
M5_hybgate,00298,clean_exkl_curt,0.1702609158679446,0.7670012986250445,0.1547682230461567,0.1055744202056358,1.2237815413163964,0.0768247774158473,6233,"('2023-07-24 00:00:00+00:00', '2024-05-31 23:00:00+00:00')",0.0388256056473608
M5_hybgate,01200_1,raw,0.1273961661341852,0.1969670630378501,0.2615332417966669,0.1487044695958174,1.427069262546639,0.1173974763765946,7512,"('2023-07-24 00:00:00+00:00', '2024-05-31 23:00:00+00:00')",
M5_hybgate,01200_1,clean,0.1273961661341852,0.7452663272557538,0.1421680813595058,0.0982374585018129,1.2644978346762763,0.0740015876917907,6555,"('2023-07-24 00:00:00+00:00', '2024-05-31 23:00:00+00:00')",
M5_hybgate,01200_1,clean_exkl_curt,0.1273961661341852,0.7284035755660478,0.1422697616225033,0.0982529742667048,1.2748577913991088,0.0738183129446391,6555,"('2023-07-24 00:00:00+00:00', '2024-05-31 23:00:00+00:00')",0.040274599542334
M5_hybgate,01200_2,raw,0.1401757188498402,0.4653235207919715,0.2127603807122909,0.1366023325993432,1.4098404700055875,0.1170839508711459,7512,"('2023-07-24 00:00:00+00:00', '2024-05-31 23:00:00+00:00')",
M5_hybgate,01200_2,clean,0.1401757188498402,0.571586514085929,0.1717050716785063,0.1158266807682358,1.4225264150467254,0.1048776673040277,6459,"('2023-07-24 01:00:00+00:00', '2024-05-31 23:00:00+00:00')",
M5_hybgate,01200_2,clean_exkl_curt,0.1401757188498402,0.5440094883529283,0.1716402949572659,0.1156403355443577,1.4396285162185751,0.1049783203129193,6459,"('2023-07-24 01:00:00+00:00', '2024-05-31 23:00:00+00:00')",0.0354544047066109
M5_hybgate,01303_1,raw,0.0655039275728931,0.670184639883698,0.1351566472390886,0.0912899271176784,1.2842399234930733,0.0622417915835433,7511,"('2023-07-24 00:00:00+00:00', '2024-05-31 23:00:00+00:00')",
M5_hybgate,01303_1,clean,0.0655039275728931,0.7057022469277291,0.1177513086942329,0.0823810072509337,1.3001072279754475,0.0614336710708987,7019,"('2023-07-24 00:00:00+00:00', '2024-05-31 23:00:00+00:00')",
M5_hybgate,01303_1,clean_exkl_curt,0.0655039275728931,0.6865496320997655,0.1163978328487204,0.0811653695758496,1.3076283572488137,0.0604024418777478,7019,"('2023-07-24 00:00:00+00:00', '2024-05-31 23:00:00+00:00')",0.0430260720900413
M5_hybgate,01303_2,raw,0.0801491146318732,0.7822960065476636,0.1007084747742261,0.064949003711342,1.0303028391817384,0.0104163840108674,7511,"('2023-07-24 00:00:00+00:00', '2024-05-31 23:00:00+00:00')",
M5_hybgate,01303_2,clean,0.0801491146318732,0.8482263151397065,0.0760167409072528,0.053600722924832,1.0162251902902195,0.0077963981713603,6909,"('2023-07-24 00:00:00+00:00', '2024-05-31 23:00:00+00:00')",
M5_hybgate,01303_2,clean_exkl_curt,0.0801491146318732,0.8395404819288484,0.0749125469611751,0.0526433148370346,1.0137690046909404,0.0073222477309694,6909,"('2023-07-24 00:00:00+00:00', '2024-05-31 23:00:00+00:00')",0.0424084527427992
M5_hybgate,02483,raw,0.1606762513312034,0.5094417664678699,0.2520068791559642,0.1591199337861289,1.0750619547835083,0.0490122583769396,7512,"('2023-07-24 00:00:00+00:00', '2024-05-31 23:00:00+00:00')",
M5_hybgate,02483,clean,0.1606762513312034,0.7590216210033555,0.1800223744143152,0.1150200460032051,1.0765140307472534,0.0501776629812608,6305,"('2023-07-24 01:00:00+00:00', '2024-05-31 23:00:00+00:00')",
M5_hybgate,02483,clean_exkl_curt,0.1606762513312034,0.7647314714120501,0.1762241312955599,0.1140735921420865,1.0812452860929933,0.0503278890256296,6305,"('2023-07-24 01:00:00+00:00', '2024-05-31 23:00:00+00:00')",0.0485329103885804
M5_hybgate,04745,raw,0.0123983468870817,0.7367141698778419,0.0719051573851217,0.0411586166852035,0.9969352751318444,0.0059562349834941,7501,"('2023-07-24 00:00:00+00:00', '2024-05-31 23:00:00+00:00')",
M5_hybgate,04745,clean,0.0123983468870817,0.780602795077759,0.063616347802514,0.038548847694332,0.9799617348906156,0.0055265853230874,7408,"('2023-07-24 00:00:00+00:00', '2024-05-31 23:00:00+00:00')",
M5_hybgate,04745,clean_exkl_curt,0.0123983468870817,0.772908853275428,0.0593843589498041,0.0360841986268298,0.9815782899860652,0.0058773757778585,7408,"('2023-07-24 00:00:00+00:00', '2024-05-31 23:00:00+00:00')",0.0480561555075593
M5_hybgate,05347,raw,0.2287311942484355,0.5561871200999511,0.2004780561687922,0.1243326632786586,1.1380847715136482,0.0489987707522209,7511,"('2023-07-24 00:00:00+00:00', '2024-05-31 23:00:00+00:00')",
M5_hybgate,05347,clean,0.2287311942484355,0.788347872204934,0.1297087328295282,0.0853934151383499,1.022015630926445,0.0518983048754687,5793,"('2023-07-24 03:00:00+00:00', '2024-05-30 20:00:00+00:00')",
M5_hybgate,05347,clean_exkl_curt,0.2287311942484355,0.7758815231435503,0.1295577641442178,0.0854677513824041,1.0172191102235275,0.0519617806535133,5793,"('2023-07-24 03:00:00+00:00', '2024-05-30 20:00:00+00:00')",0.0393578456758156
M5_hybgate,05426,raw,0.1568157614483493,0.5834595662033168,0.1977364599435451,0.1243128131062431,1.1261740774002316,0.0359085562752661,7512,"('2023-07-24 00:00:00+00:00', '2024-05-31 23:00:00+00:00')",
M5_hybgate,05426,clean,0.1568157614483493,0.7636495637013168,0.1448630513193304,0.0977495733428605,1.09478471985906,0.0345607101664607,6334,"('2023-07-24 04:00:00+00:00', '2024-05-31 18:00:00+00:00')",
M5_hybgate,05426,clean_exkl_curt,0.1568157614483493,0.7530586888448847,0.1452964069649564,0.0980544717271623,1.094851122007434,0.0346701560013537,6334,"('2023-07-24 04:00:00+00:00', '2024-05-31 18:00:00+00:00')",0.046100410483107
M5_hybgate,07374,raw,0.0319488817891373,0.6890932582564108,0.1167606208911688,0.070126344575406,1.063229809019022,0.0124832337336677,7512,"('2023-07-24 00:00:00+00:00', '2024-05-31 23:00:00+00:00')",
M5_hybgate,07374,clean,0.0319488817891373,0.7628438553197544,0.1019394004375159,0.0648252179055505,1.0286928586126909,0.0076857610320702,7272,"('2023-07-24 00:00:00+00:00', '2024-05-31 23:00:00+00:00')",
M5_hybgate,07374,clean_exkl_curt,0.0319488817891373,0.7654499808671523,0.0979135611845537,0.0624308984306617,1.0207926717233924,0.0061235469772759,7272,"('2023-07-24 00:00:00+00:00', '2024-05-31 23:00:00+00:00')",0.0468921892189218
M5all,00198_1,raw,0.0955804046858359,0.4353414570757891,0.2064434810800632,0.1314845558115709,0.9810572796157108,0.0339899602831529,7512,"('2023-07-24 00:00:00+00:00', '2024-05-31 23:00:00+00:00')",
M5all,00198_1,clean,0.0955804046858359,0.585328909907699,0.1733237357801362,0.1157903427508032,0.9386265208646796,0.0403220046802667,6794,"('2023-07-24 00:00:00+00:00', '2024-05-31 23:00:00+00:00')",
M5all,00198_1,clean_exkl_curt,0.0955804046858359,0.5617651965750521,0.1731910357006596,0.1154686751691439,0.9286325427524864,0.0410226839391385,6794,"('2023-07-24 00:00:00+00:00', '2024-05-31 23:00:00+00:00')",0.0507801000883132
M5all,00198_2,raw,0.2077281446971772,0.6977656835205674,0.184548429942836,0.1230089156928095,0.918552572639263,0.0496721201119464,3649,"('2023-12-31 23:00:00+00:00', '2024-05-31 23:00:00+00:00')",
M5all,00198_2,clean,0.2077281446971772,0.8472918920151903,0.1289018120824093,0.0888320731987378,0.9025889303633092,0.0479200442244946,2891,"('2024-01-01 01:00:00+00:00', '2024-05-31 23:00:00+00:00')",
M5all,00198_2,clean_exkl_curt,0.2077281446971772,0.8424884242487705,0.1296539891552331,0.0892673092204505,0.8990198649289046,0.0485631832997623,2891,"('2024-01-01 01:00:00+00:00', '2024-05-31 23:00:00+00:00')",0.0456589415427187
M5all,00282,raw,0.1497603833865814,0.5107495778816695,0.2299877861585536,0.1510473765979106,0.8325675614880841,0.0638860629860504,7512,"('2023-07-24 00:00:00+00:00', '2024-05-31 23:00:00+00:00')",
M5all,00282,clean,0.1497603833865814,0.6705087603193793,0.1868443803907143,0.1250934581662213,0.7410445763825559,0.0918453263386757,6387,"('2023-07-24 00:00:00+00:00', '2024-05-31 23:00:00+00:00')",
M5all,00282,clean_exkl_curt,0.1497603833865814,0.6649185654404824,0.1872693670210016,0.1255927512422648,0.7379879881175687,0.0923781747311866,6387,"('2023-07-24 00:00:00+00:00', '2024-05-31 23:00:00+00:00')",0.0356975105683419
M5all,00298,raw,0.1702609158679446,0.4837256775197225,0.237150435739261,0.1475647911976057,1.30201102276071,0.1064471017166486,7512,"('2023-07-24 00:00:00+00:00', '2024-05-31 23:00:00+00:00')",
M5all,00298,clean,0.1702609158679446,0.7761010341654169,0.1535644855976384,0.1045589127363104,1.2152982211021408,0.0757417848878414,6233,"('2023-07-24 00:00:00+00:00', '2024-05-31 23:00:00+00:00')",
M5all,00298,clean_exkl_curt,0.1702609158679446,0.7670012986250445,0.1547682230461567,0.1055744202056358,1.2237815413163964,0.0768247774158473,6233,"('2023-07-24 00:00:00+00:00', '2024-05-31 23:00:00+00:00')",0.0388256056473608
M5all,01200_1,raw,0.1273961661341852,0.2414939710844329,0.2541790407318369,0.1427584468177576,1.39096440274594,0.1074725770751143,7512,"('2023-07-24 00:00:00+00:00', '2024-05-31 23:00:00+00:00')",
M5all,01200_1,clean,0.1273961661341852,0.773751791574737,0.133983555433313,0.0927141800291562,1.2301250271801585,0.0645088401365368,6555,"('2023-07-24 00:00:00+00:00', '2024-05-31 23:00:00+00:00')",
M5all,01200_1,clean_exkl_curt,0.1273961661341852,0.7583136392737595,0.1342074580999719,0.0928243023485441,1.2401585181035402,0.0646166249072395,6555,"('2023-07-24 00:00:00+00:00', '2024-05-31 23:00:00+00:00')",0.040274599542334
M5all,01200_2,raw,0.1401757188498402,0.5084821820124654,0.2039928060487536,0.1308044112091714,1.3866625760118685,0.1104627129419075,7512,"('2023-07-24 00:00:00+00:00', '2024-05-31 23:00:00+00:00')",
M5all,01200_2,clean,0.1401757188498402,0.6204206750442481,0.1616228761727514,0.1099590080025058,1.3977337695996872,0.0987283498231529,6459,"('2023-07-24 01:00:00+00:00', '2024-05-31 23:00:00+00:00')",
M5all,01200_2,clean_exkl_curt,0.1401757188498402,0.5953890389162784,0.161681440979699,0.1099195892403095,1.4147015238062663,0.0990301435741433,6459,"('2023-07-24 01:00:00+00:00', '2024-05-31 23:00:00+00:00')",0.0354544047066109
M5all,01303_1,raw,0.0655039275728931,0.670184639883698,0.1351566472390886,0.0912899271176784,1.2842399234930733,0.0622417915835433,7511,"('2023-07-24 00:00:00+00:00', '2024-05-31 23:00:00+00:00')",
M5all,01303_1,clean,0.0655039275728931,0.7057022469277291,0.1177513086942329,0.0823810072509337,1.3001072279754475,0.0614336710708987,7019,"('2023-07-24 00:00:00+00:00', '2024-05-31 23:00:00+00:00')",
M5all,01303_1,clean_exkl_curt,0.0655039275728931,0.6865496320997655,0.1163978328487204,0.0811653695758496,1.3076283572488137,0.0604024418777478,7019,"('2023-07-24 00:00:00+00:00', '2024-05-31 23:00:00+00:00')",0.0430260720900413
M5all,01303_2,raw,0.0801491146318732,0.7822960065476636,0.1007084747742261,0.064949003711342,1.0303028391817384,0.0104163840108674,7511,"('2023-07-24 00:00:00+00:00', '2024-05-31 23:00:00+00:00')",
M5all,01303_2,clean,0.0801491146318732,0.8482263151397065,0.0760167409072528,0.053600722924832,1.0162251902902195,0.0077963981713603,6909,"('2023-07-24 00:00:00+00:00', '2024-05-31 23:00:00+00:00')",
M5all,01303_2,clean_exkl_curt,0.0801491146318732,0.8395404819288484,0.0749125469611751,0.0526433148370346,1.0137690046909404,0.0073222477309694,6909,"('2023-07-24 00:00:00+00:00', '2024-05-31 23:00:00+00:00')",0.0424084527427992
M5all,02483,raw,0.1871671991480298,0.6862546112695913,0.2015374629657154,0.1342047075336812,0.914162103280322,0.0397905815289146,7512,"('2023-07-24 00:00:00+00:00', '2024-05-31 23:00:00+00:00')",
M5all,02483,clean,0.1871671991480298,0.876207827883546,0.1309504637530958,0.0924278662270189,0.8866147800140547,0.0511886250666719,6106,"('2023-07-24 01:00:00+00:00', '2024-05-31 23:00:00+00:00')",
M5all,02483,clean_exkl_curt,0.1871671991480298,0.8714164303495564,0.1323104686842131,0.0933094719514139,0.8824079327380011,0.0520584596984495,6106,"('2023-07-24 01:00:00+00:00', '2024-05-31 23:00:00+00:00')",0.0524074680641991
M5all,04745,raw,0.0123983468870817,0.7367141698778419,0.0719051573851217,0.0411586166852035,0.9969352751318444,0.0059562349834941,7501,"('2023-07-24 00:00:00+00:00', '2024-05-31 23:00:00+00:00')",
M5all,04745,clean,0.0123983468870817,0.780602795077759,0.063616347802514,0.038548847694332,0.9799617348906156,0.0055265853230874,7408,"('2023-07-24 00:00:00+00:00', '2024-05-31 23:00:00+00:00')",
M5all,04745,clean_exkl_curt,0.0123983468870817,0.772908853275428,0.0593843589498041,0.0360841986268298,0.9815782899860652,0.0058773757778585,7408,"('2023-07-24 00:00:00+00:00', '2024-05-31 23:00:00+00:00')",0.0480561555075593
M5all,05347,raw,0.2287311942484355,0.6215399337908634,0.1851300516894863,0.114914097466849,1.0718407562599228,0.0353627135871789,7511,"('2023-07-24 00:00:00+00:00', '2024-05-31 23:00:00+00:00')",
M5all,05347,clean,0.2287311942484355,0.8385360430977372,0.1132910736951336,0.0759169740418947,0.9565166758001024,0.042250274199502,5793,"('2023-07-24 03:00:00+00:00', '2024-05-30 20:00:00+00:00')",
M5all,05347,clean_exkl_curt,0.2287311942484355,0.8276849953970359,0.1136020481402794,0.0762672545285324,0.9507725564959784,0.0429558081928275,5793,"('2023-07-24 03:00:00+00:00', '2024-05-30 20:00:00+00:00')",0.0393578456758156
M5all,05426,raw,0.1568157614483493,0.5834595662033168,0.1977364599435451,0.1243128131062431,1.1261740774002316,0.0359085562752661,7512,"('2023-07-24 00:00:00+00:00', '2024-05-31 23:00:00+00:00')",
M5all,05426,clean,0.1568157614483493,0.7636495637013168,0.1448630513193304,0.0977495733428605,1.09478471985906,0.0345607101664607,6334,"('2023-07-24 04:00:00+00:00', '2024-05-31 18:00:00+00:00')",
M5all,05426,clean_exkl_curt,0.1568157614483493,0.7530586888448847,0.1452964069649564,0.0980544717271623,1.094851122007434,0.0346701560013537,6334,"('2023-07-24 04:00:00+00:00', '2024-05-31 18:00:00+00:00')",0.046100410483107
M5all,07374,raw,0.0319488817891373,0.6890932582564108,0.1167606208911688,0.070126344575406,1.063229809019022,0.0124832337336677,7512,"('2023-07-24 00:00:00+00:00', '2024-05-31 23:00:00+00:00')",
M5all,07374,clean,0.0319488817891373,0.7628438553197544,0.1019394004375159,0.0648252179055505,1.0286928586126909,0.0076857610320702,7272,"('2023-07-24 00:00:00+00:00', '2024-05-31 23:00:00+00:00')",
M5all,07374,clean_exkl_curt,0.0319488817891373,0.7654499808671523,0.0979135611845537,0.0624308984306617,1.0207926717233924,0.0061235469772759,7272,"('2023-07-24 00:00:00+00:00', '2024-05-31 23:00:00+00:00')",0.0468921892189218
M5all_PL,00198_1,raw,0.097577209797657,0.4993579820636716,0.1943890826142512,0.123076512736833,0.9830190791578834,0.0213544359594495,7512,"('2023-07-24 00:00:00+00:00', '2024-05-31 23:00:00+00:00')",
M5all_PL,00198_1,clean,0.097577209797657,0.6508103623719524,0.1599384514502613,0.1069015139099939,0.9358892980377006,0.0257838648899986,6779,"('2023-07-24 00:00:00+00:00', '2024-05-31 23:00:00+00:00')",
M5all_PL,00198_1,clean_exkl_curt,0.097577209797657,0.6317256534707562,0.1598284449219978,0.106415075687579,0.9274309123295712,0.0264513162890988,6779,"('2023-07-24 00:00:00+00:00', '2024-05-31 23:00:00+00:00')",0.0504499188670895
M5all_PL,00198_2,raw,0.1800493285831734,0.748541254603474,0.1683339987265616,0.1133906557613972,0.9782709522721418,0.0314732305265855,3649,"('2023-12-31 23:00:00+00:00', '2024-05-31 23:00:00+00:00')",
M5all_PL,00198_2,clean,0.1800493285831734,0.8712807906864634,0.1195980334892073,0.0852462626583953,0.9722957697850244,0.0295410121610752,2992,"('2023-12-31 23:00:00+00:00', '2024-05-31 23:00:00+00:00')",
M5all_PL,00198_2,clean_exkl_curt,0.1800493285831734,0.8682434293029525,0.1200220283506787,0.0855103710182874,0.9714570742629696,0.0296203449846312,2992,"('2023-12-31 23:00:00+00:00', '2024-05-31 23:00:00+00:00')",0.044451871657754
M5all_PL,00282,raw,0.1540202342917997,0.5892250749230574,0.2107371638008957,0.1361151499241671,0.887614520003534,0.0423310863280309,7512,"('2023-07-24 00:00:00+00:00', '2024-05-31 23:00:00+00:00')",
M5all_PL,00282,clean,0.1540202342917997,0.7798975512034652,0.1530260134179674,0.1041918375083995,0.8144080178684222,0.0658600742026974,6355,"('2023-07-24 00:00:00+00:00', '2024-05-31 23:00:00+00:00')",
M5all_PL,00282,clean_exkl_curt,0.1540202342917997,0.7782015621335039,0.1527019716186434,0.1042492035170723,0.8133453083132934,0.0658760143135901,6355,"('2023-07-24 00:00:00+00:00', '2024-05-31 23:00:00+00:00')",0.0358772619984264
M5all_PL,00298,raw,0.1699946751863684,0.4836874651887155,0.2371592119875431,0.1475604984464318,1.301857821133226,0.1063931046607767,7512,"('2023-07-24 00:00:00+00:00', '2024-05-31 23:00:00+00:00')",
M5all_PL,00298,clean,0.1699946751863684,0.7760093725140709,0.1535860987859303,0.1045808802475656,1.2150611776045597,0.0756447075747599,6235,"('2023-07-24 00:00:00+00:00', '2024-05-31 23:00:00+00:00')",
M5all_PL,00298,clean_exkl_curt,0.1699946751863684,0.766903205138209,0.1547901339629852,0.1055969358768752,1.2235273732816694,0.0767234186586107,6235,"('2023-07-24 00:00:00+00:00', '2024-05-31 23:00:00+00:00')",0.038813151563753
M5all_PL,01200_1,raw,0.1260649627263046,0.238220349473601,0.2547269534083709,0.1431761790178166,1.3931450580673204,0.1080720194935424,7512,"('2023-07-24 00:00:00+00:00', '2024-05-31 23:00:00+00:00')",
M5all_PL,01200_1,clean,0.1260649627263046,0.7688018753000647,0.1355012616479877,0.0934441161057028,1.2329332875872958,0.065385251200809,6565,"('2023-07-24 00:00:00+00:00', '2024-05-31 23:00:00+00:00')",
M5all_PL,01200_1,clean_exkl_curt,0.1260649627263046,0.753631753648248,0.1355930761140639,0.0934779082302172,1.2428245099433315,0.0654275909260574,6565,"('2023-07-24 00:00:00+00:00', '2024-05-31 23:00:00+00:00')",0.0405178979436405
M5all_PL,01200_2,raw,0.1333865814696485,0.4939268758283917,0.2069911874530193,0.1327411453722094,1.3927493105426716,0.1122031673018712,7512,"('2023-07-24 00:00:00+00:00', '2024-05-31 23:00:00+00:00')",
M5all_PL,01200_2,clean,0.1333865814696485,0.6062472842104725,0.1657376322541499,0.1123863538796966,1.39908309542053,0.1002733091668753,6510,"('2023-07-24 01:00:00+00:00', '2024-05-31 23:00:00+00:00')",
M5all_PL,01200_2,clean_exkl_curt,0.1333865814696485,0.5812839390777855,0.1658528512838045,0.1123676868974955,1.4156627465745135,0.1005900750322201,6510,"('2023-07-24 01:00:00+00:00', '2024-05-31 23:00:00+00:00')",0.0353302611367127
M5all_PL,01303_1,raw,0.0589801624284382,0.6291117109503812,0.143325521722785,0.0966774963368786,1.310539322043608,0.0680368208037427,7511,"('2023-07-24 00:00:00+00:00', '2024-05-31 23:00:00+00:00')",
M5all_PL,01303_1,clean,0.0589801624284382,0.6508330613551301,0.1301799354265171,0.0895501795829725,1.332453036180102,0.0691123534460914,7068,"('2023-07-24 00:00:00+00:00', '2024-05-31 23:00:00+00:00')",
M5all_PL,01303_1,clean_exkl_curt,0.0589801624284382,0.6309721372369297,0.1284245430875728,0.0880256492617589,1.340198222092502,0.0678468703764968,7068,"('2023-07-24 00:00:00+00:00', '2024-05-31 23:00:00+00:00')",0.043859649122807
M5all_PL,01303_2,raw,0.0793502862468379,0.7707797375187206,0.1033378266887096,0.0671772375982275,1.0608570884084374,0.0198708510868141,7511,"('2023-07-24 00:00:00+00:00', '2024-05-31 23:00:00+00:00')",
M5all_PL,01303_2,clean,0.0793502862468379,0.8295080819672858,0.0806587197390704,0.0565439444297206,1.0569342849312182,0.0188303955434238,6915,"('2023-07-24 00:00:00+00:00', '2024-05-31 23:00:00+00:00')",
M5all_PL,01303_2,clean_exkl_curt,0.0793502862468379,0.8232257937081108,0.0791416162593859,0.0553394627160704,1.055566874783448,0.0181909086446699,6915,"('2023-07-24 00:00:00+00:00', '2024-05-31 23:00:00+00:00')",0.0416485900216919
M5all_PL,02483,raw,0.1769169329073482,0.7337481040066252,0.1856579137646272,0.1240949079504784,0.9195796567757026,0.0372792478140498,7512,"('2023-07-24 00:00:00+00:00', '2024-05-31 23:00:00+00:00')",
M5all_PL,02483,clean,0.1769169329073482,0.9000175245725119,0.1172486828980862,0.0858373284648284,0.9084080544949502,0.0421829439779934,6183,"('2023-07-24 00:00:00+00:00', '2024-05-31 23:00:00+00:00')",
M5all_PL,02483,clean_exkl_curt,0.1769169329073482,0.8966973413053957,0.1180813384127253,0.0864510696720707,0.906612264639244,0.0420767606623837,6183,"('2023-07-24 00:00:00+00:00', '2024-05-31 23:00:00+00:00')",0.0511078764353873
M5all_PL,04745,raw,0.0129316091187842,0.7072587908816553,0.0758207767380802,0.0430619473418133,1.0528698800208556,0.0132537557212304,7501,"('2023-07-24 00:00:00+00:00', '2024-05-31 23:00:00+00:00')",
M5all_PL,04745,clean,0.0129316091187842,0.7534836216895217,0.0675782922273048,0.0403015866813236,1.0404306903219978,0.0123478303141046,7404,"('2023-07-24 00:00:00+00:00', '2024-05-31 23:00:00+00:00')",
M5all_PL,04745,clean_exkl_curt,0.0129316091187842,0.7446026260386212,0.0633137463712875,0.0378581710539394,1.0433502022539034,0.0127856338438113,7404,"('2023-07-24 00:00:00+00:00', '2024-05-31 23:00:00+00:00')",0.0479470556455969
M5all_PL,05347,raw,0.2312608174677139,0.6378522718600461,0.1810963822088042,0.1125010383649014,1.0764817551325936,0.0294059432702325,7511,"('2023-07-24 00:00:00+00:00', '2024-05-31 23:00:00+00:00')",
M5all_PL,05347,clean,0.2312608174677139,0.8520604235588569,0.1093628784423043,0.0738835642355903,0.9577133147787354,0.0337227014411155,5774,"('2023-07-24 00:00:00+00:00', '2024-05-30 20:00:00+00:00')",
M5all_PL,05347,clean_exkl_curt,0.2312608174677139,0.8406056921451482,0.1099145243403608,0.0743442864068636,0.9540614706822704,0.0344637742924644,5774,"('2023-07-24 00:00:00+00:00', '2024-05-30 20:00:00+00:00')",0.0394873571181156
M5all_PL,05426,raw,0.1516240681576145,0.6736136909153796,0.1750346936686309,0.1095375965236079,1.0956199034336718,0.027204803367463,7512,"('2023-07-24 00:00:00+00:00', '2024-05-31 23:00:00+00:00')",
M5all_PL,05426,clean,0.1516240681576145,0.8411017117864799,0.120913739860745,0.0841166168440278,1.0476765416338198,0.0154711291907147,6373,"('2023-07-24 04:00:00+00:00', '2024-05-31 18:00:00+00:00')",
M5all_PL,05426,clean_exkl_curt,0.1516240681576145,0.8359612344126452,0.1206442721613794,0.0841442195277711,1.0481649236931472,0.0152623410064932,6373,"('2023-07-24 04:00:00+00:00', '2024-05-31 18:00:00+00:00')",0.0458182959359799
M5all_PL,07374,raw,0.0308839190628328,0.6758187667899898,0.1192271769877906,0.0718220943504451,1.0781744321367437,0.0150294464248427,7512,"('2023-07-24 00:00:00+00:00', '2024-05-31 23:00:00+00:00')",
M5all_PL,07374,clean,0.0308839190628328,0.7490632110181169,0.1049257464947539,0.0666125268241167,1.0442431200584092,0.0116178923839058,7280,"('2023-07-24 00:00:00+00:00', '2024-05-31 23:00:00+00:00')",
M5all_PL,07374,clean_exkl_curt,0.0308839190628328,0.753424288984798,0.10047728597163,0.0639829562558029,1.035729760683245,0.0100539358876538,7280,"('2023-07-24 00:00:00+00:00', '2024-05-31 23:00:00+00:00')",0.0471153846153846
M5all_noQM,00198_1,raw,0.0955804046858359,0.4353414570757891,0.2064434810800632,0.1314845558115709,0.9810572796157108,0.0339899602831529,7512,"('2023-07-24 00:00:00+00:00', '2024-05-31 23:00:00+00:00')",
M5all_noQM,00198_1,clean,0.0955804046858359,0.585328909907699,0.1733237357801362,0.1157903427508032,0.9386265208646796,0.0403220046802667,6794,"('2023-07-24 00:00:00+00:00', '2024-05-31 23:00:00+00:00')",
M5all_noQM,00198_1,clean_exkl_curt,0.0955804046858359,0.5617651965750521,0.1731910357006596,0.1154686751691439,0.9286325427524864,0.0410226839391385,6794,"('2023-07-24 00:00:00+00:00', '2024-05-31 23:00:00+00:00')",0.0507801000883132
M5all_noQM,00198_2,raw,0.2077281446971772,0.6977656835205674,0.184548429942836,0.1230089156928095,0.918552572639263,0.0496721201119464,3649,"('2023-12-31 23:00:00+00:00', '2024-05-31 23:00:00+00:00')",
M5all_noQM,00198_2,clean,0.2077281446971772,0.8472918920151903,0.1289018120824093,0.0888320731987378,0.9025889303633092,0.0479200442244946,2891,"('2024-01-01 01:00:00+00:00', '2024-05-31 23:00:00+00:00')",
M5all_noQM,00198_2,clean_exkl_curt,0.2077281446971772,0.8424884242487705,0.1296539891552331,0.0892673092204505,0.8990198649289046,0.0485631832997623,2891,"('2024-01-01 01:00:00+00:00', '2024-05-31 23:00:00+00:00')",0.0456589415427187
M5all_noQM,00282,raw,0.1497603833865814,0.5107495778816695,0.2299877861585536,0.1510473765979106,0.8325675614880841,0.0638860629860504,7512,"('2023-07-24 00:00:00+00:00', '2024-05-31 23:00:00+00:00')",
M5all_noQM,00282,clean,0.1497603833865814,0.6705087603193793,0.1868443803907143,0.1250934581662213,0.7410445763825559,0.0918453263386757,6387,"('2023-07-24 00:00:00+00:00', '2024-05-31 23:00:00+00:00')",
M5all_noQM,00282,clean_exkl_curt,0.1497603833865814,0.6649185654404824,0.1872693670210016,0.1255927512422648,0.7379879881175687,0.0923781747311866,6387,"('2023-07-24 00:00:00+00:00', '2024-05-31 23:00:00+00:00')",0.0356975105683419
M5all_noQM,00298,raw,0.1702609158679446,0.4837256775197225,0.237150435739261,0.1475647911976057,1.30201102276071,0.1064471017166486,7512,"('2023-07-24 00:00:00+00:00', '2024-05-31 23:00:00+00:00')",
M5all_noQM,00298,clean,0.1702609158679446,0.7761010341654169,0.1535644855976384,0.1045589127363104,1.2152982211021408,0.0757417848878414,6233,"('2023-07-24 00:00:00+00:00', '2024-05-31 23:00:00+00:00')",
M5all_noQM,00298,clean_exkl_curt,0.1702609158679446,0.7670012986250445,0.1547682230461567,0.1055744202056358,1.2237815413163964,0.0768247774158473,6233,"('2023-07-24 00:00:00+00:00', '2024-05-31 23:00:00+00:00')",0.0388256056473608
M5all_noQM,01200_1,raw,0.1273961661341852,0.2414939710844329,0.2541790407318369,0.1427584468177576,1.39096440274594,0.1074725770751143,7512,"('2023-07-24 00:00:00+00:00', '2024-05-31 23:00:00+00:00')",
M5all_noQM,01200_1,clean,0.1273961661341852,0.773751791574737,0.133983555433313,0.0927141800291562,1.2301250271801585,0.0645088401365368,6555,"('2023-07-24 00:00:00+00:00', '2024-05-31 23:00:00+00:00')",
M5all_noQM,01200_1,clean_exkl_curt,0.1273961661341852,0.7583136392737595,0.1342074580999719,0.0928243023485441,1.2401585181035402,0.0646166249072395,6555,"('2023-07-24 00:00:00+00:00', '2024-05-31 23:00:00+00:00')",0.040274599542334
M5all_noQM,01200_2,raw,0.1401757188498402,0.5084821820124654,0.2039928060487536,0.1308044112091714,1.3866625760118685,0.1104627129419075,7512,"('2023-07-24 00:00:00+00:00', '2024-05-31 23:00:00+00:00')",
M5all_noQM,01200_2,clean,0.1401757188498402,0.6204206750442481,0.1616228761727514,0.1099590080025058,1.3977337695996872,0.0987283498231529,6459,"('2023-07-24 01:00:00+00:00', '2024-05-31 23:00:00+00:00')",
M5all_noQM,01200_2,clean_exkl_curt,0.1401757188498402,0.5953890389162784,0.161681440979699,0.1099195892403095,1.4147015238062663,0.0990301435741433,6459,"('2023-07-24 01:00:00+00:00', '2024-05-31 23:00:00+00:00')",0.0354544047066109
M5all_noQM,01303_1,raw,0.0655039275728931,0.670184639883698,0.1351566472390886,0.0912899271176784,1.2842399234930733,0.0622417915835433,7511,"('2023-07-24 00:00:00+00:00', '2024-05-31 23:00:00+00:00')",
M5all_noQM,01303_1,clean,0.0655039275728931,0.7057022469277291,0.1177513086942329,0.0823810072509337,1.3001072279754475,0.0614336710708987,7019,"('2023-07-24 00:00:00+00:00', '2024-05-31 23:00:00+00:00')",
M5all_noQM,01303_1,clean_exkl_curt,0.0655039275728931,0.6865496320997655,0.1163978328487204,0.0811653695758496,1.3076283572488137,0.0604024418777478,7019,"('2023-07-24 00:00:00+00:00', '2024-05-31 23:00:00+00:00')",0.0430260720900413
M5all_noQM,01303_2,raw,0.0801491146318732,0.7822960065476636,0.1007084747742261,0.064949003711342,1.0303028391817384,0.0104163840108674,7511,"('2023-07-24 00:00:00+00:00', '2024-05-31 23:00:00+00:00')",
M5all_noQM,01303_2,clean,0.0801491146318732,0.8482263151397065,0.0760167409072528,0.053600722924832,1.0162251902902195,0.0077963981713603,6909,"('2023-07-24 00:00:00+00:00', '2024-05-31 23:00:00+00:00')",
M5all_noQM,01303_2,clean_exkl_curt,0.0801491146318732,0.8395404819288484,0.0749125469611751,0.0526433148370346,1.0137690046909404,0.0073222477309694,6909,"('2023-07-24 00:00:00+00:00', '2024-05-31 23:00:00+00:00')",0.0424084527427992
M5all_noQM,02483,raw,0.1871671991480298,0.6862546112695913,0.2015374629657154,0.1342047075336812,0.914162103280322,0.0397905815289146,7512,"('2023-07-24 00:00:00+00:00', '2024-05-31 23:00:00+00:00')",
M5all_noQM,02483,clean,0.1871671991480298,0.876207827883546,0.1309504637530958,0.0924278662270189,0.8866147800140547,0.0511886250666719,6106,"('2023-07-24 01:00:00+00:00', '2024-05-31 23:00:00+00:00')",
M5all_noQM,02483,clean_exkl_curt,0.1871671991480298,0.8714164303495564,0.1323104686842131,0.0933094719514139,0.8824079327380011,0.0520584596984495,6106,"('2023-07-24 01:00:00+00:00', '2024-05-31 23:00:00+00:00')",0.0524074680641991
M5all_noQM,04745,raw,0.0221303826156512,0.5686717843105822,0.0920344099803654,0.0558168362711796,1.3616011403651127,0.0389386485252034,7501,"('2023-07-24 00:00:00+00:00', '2024-05-31 23:00:00+00:00')",
M5all_noQM,04745,clean,0.0221303826156512,0.6206410679582106,0.0836283425288966,0.0531129550278014,1.3476375810808756,0.0371333143911616,7335,"('2023-07-24 00:00:00+00:00', '2024-05-31 23:00:00+00:00')",
M5all_noQM,04745,clean_exkl_curt,0.0221303826156512,0.5898553989321379,0.0798427733333686,0.0509664148658769,1.370002984383582,0.0364475935746288,7335,"('2023-07-24 00:00:00+00:00', '2024-05-31 23:00:00+00:00')",0.0482617586912065
M5all_noQM,05347,raw,0.2529623219278392,0.4415876197483211,0.2248766748858433,0.149427187762472,1.439092227926439,0.1189839516973952,7511,"('2023-07-24 00:00:00+00:00', '2024-05-31 23:00:00+00:00')",
M5all_noQM,05347,clean,0.2529623219278392,0.6561130232046013,0.1691624329800967,0.1154325845233243,1.3357924794523468,0.0958527073439683,5611,"('2023-07-24 03:00:00+00:00', '2024-05-30 10:00:00+00:00')",
M5all_noQM,05347,clean_exkl_curt,0.2529623219278392,0.6349812954219107,0.1696713732092613,0.1159801036879599,1.348665826592548,0.0962298022846004,5611,"('2023-07-24 03:00:00+00:00', '2024-05-30 10:00:00+00:00')",0.0402780253074318
M5all_noQM,05426,raw,0.1568157614483493,0.5834595662033168,0.1977364599435451,0.1243128131062431,1.1261740774002316,0.0359085562752661,7512,"('2023-07-24 00:00:00+00:00', '2024-05-31 23:00:00+00:00')",
M5all_noQM,05426,clean,0.1568157614483493,0.7636495637013168,0.1448630513193304,0.0977495733428605,1.09478471985906,0.0345607101664607,6334,"('2023-07-24 04:00:00+00:00', '2024-05-31 18:00:00+00:00')",
M5all_noQM,05426,clean_exkl_curt,0.1568157614483493,0.7530586888448847,0.1452964069649564,0.0980544717271623,1.094851122007434,0.0346701560013537,6334,"('2023-07-24 04:00:00+00:00', '2024-05-31 18:00:00+00:00')",0.046100410483107
M5all_noQM,07374,raw,0.0319488817891373,0.6890932582564108,0.1167606208911688,0.070126344575406,1.063229809019022,0.0124832337336677,7512,"('2023-07-24 00:00:00+00:00', '2024-05-31 23:00:00+00:00')",
M5all_noQM,07374,clean,0.0319488817891373,0.7628438553197544,0.1019394004375159,0.0648252179055505,1.0286928586126909,0.0076857610320702,7272,"('2023-07-24 00:00:00+00:00', '2024-05-31 23:00:00+00:00')",
M5all_noQM,07374,clean_exkl_curt,0.0319488817891373,0.7654499808671523,0.0979135611845537,0.0624308984306617,1.0207926717233924,0.0061235469772759,7272,"('2023-07-24 00:00:00+00:00', '2024-05-31 23:00:00+00:00')",0.0468921892189218
M5all_noage,00198_1,raw,0.0955804046858359,0.4308268168503072,0.2072671315095902,0.1316053049975307,1.003622858655515,0.0323555320451134,7512,"('2023-07-24 00:00:00+00:00', '2024-05-31 23:00:00+00:00')",
M5all_noage,00198_1,clean,0.0955804046858359,0.582556748519419,0.1739021231133202,0.1157332394078392,0.9610903156473244,0.0381885491088883,6794,"('2023-07-24 00:00:00+00:00', '2024-05-31 23:00:00+00:00')",
M5all_noage,00198_1,clean_exkl_curt,0.0955804046858359,0.5590876021701805,0.1737193245881738,0.1153974488281332,0.9517258134053816,0.0387916335475673,6794,"('2023-07-24 00:00:00+00:00', '2024-05-31 23:00:00+00:00')",0.0507801000883132
M5all_noage,00198_2,raw,0.2077281446971772,0.6993815742432099,0.184054426213815,0.1227557701343008,0.9230415262061552,0.0484304985071476,3649,"('2023-12-31 23:00:00+00:00', '2024-05-31 23:00:00+00:00')",
M5all_noage,00198_2,clean,0.2077281446971772,0.8493124454402289,0.1280461918636568,0.0884215939654809,0.9072217930333406,0.0466237643856654,2891,"('2024-01-01 01:00:00+00:00', '2024-05-31 23:00:00+00:00')",
M5all_noage,00198_2,clean_exkl_curt,0.2077281446971772,0.8445549978224176,0.1288006418051285,0.0888577461318945,0.9037015377606706,0.0472677351032676,2891,"('2024-01-01 01:00:00+00:00', '2024-05-31 23:00:00+00:00')",0.0456589415427187
M5all_noage,00282,raw,0.1497603833865814,0.5153492035459198,0.2289041327153895,0.1501591559097021,0.84036484855792,0.061395311843674,7512,"('2023-07-24 00:00:00+00:00', '2024-05-31 23:00:00+00:00')",
M5all_noage,00282,clean,0.1497603833865814,0.6775769037301265,0.1848294521908945,0.1237618837272531,0.7489205364526587,0.0890519562068956,6387,"('2023-07-24 00:00:00+00:00', '2024-05-31 23:00:00+00:00')",
M5all_noage,00282,clean_exkl_curt,0.1497603833865814,0.672069649926254,0.1852603012136595,0.124267018609798,0.745914793731889,0.0895834496460842,6387,"('2023-07-24 00:00:00+00:00', '2024-05-31 23:00:00+00:00')",0.0356975105683419
M5all_noage,00298,raw,0.1702609158679446,0.4722584714635239,0.2397696998138091,0.1499255327202847,1.3139829814048682,0.1106667078032192,7512,"('2023-07-24 00:00:00+00:00', '2024-05-31 23:00:00+00:00')",
M5all_noage,00298,clean,0.1702609158679446,0.7644442454636433,0.1575112596562136,0.1072817475264511,1.2279016063399932,0.0801309428453216,6233,"('2023-07-24 00:00:00+00:00', '2024-05-31 23:00:00+00:00')",
M5all_noage,00298,clean_exkl_curt,0.1702609158679446,0.7549072555422065,0.158734114470443,0.1083069579768294,1.236696893422181,0.0812122772886385,6233,"('2023-07-24 00:00:00+00:00', '2024-05-31 23:00:00+00:00')",0.0388256056473608
M5all_noage,01200_1,raw,0.1273961661341852,0.2094888079695797,0.2594861780000864,0.1490684384141361,1.4292469623133008,0.1179961063397708,7512,"('2023-07-24 00:00:00+00:00', '2024-05-31 23:00:00+00:00')",
M5all_noage,01200_1,clean,0.1273961661341852,0.7402554786199949,0.1435595610560755,0.0997281435649317,1.270596314876023,0.0755126392163506,6555,"('2023-07-24 00:00:00+00:00', '2024-05-31 23:00:00+00:00')",
M5all_noage,01200_1,clean_exkl_curt,0.1273961661341852,0.7224871689445928,0.1438110024921879,0.0998880265715341,1.282357705293529,0.0756361308380905,6555,"('2023-07-24 00:00:00+00:00', '2024-05-31 23:00:00+00:00')",0.040274599542334
M5all_noage,01200_2,raw,0.1401757188498402,0.4791014122291865,0.2100012157456915,0.1363453945308536,1.4134995569524458,0.1181280258323605,7512,"('2023-07-24 00:00:00+00:00', '2024-05-31 23:00:00+00:00')",
M5all_noage,01200_2,clean,0.1401757188498402,0.5813607133120247,0.1697350557390763,0.1164104656980989,1.429591192585875,0.1066214843178399,6459,"('2023-07-24 01:00:00+00:00', '2024-05-31 23:00:00+00:00')",
M5all_noage,01200_2,clean_exkl_curt,0.1401757188498402,0.5536724537518006,0.1698119287853042,0.116401037627086,1.447747884190028,0.106909263814082,6459,"('2023-07-24 01:00:00+00:00', '2024-05-31 23:00:00+00:00')",0.0354544047066109
M5all_noage,01303_1,raw,0.0655039275728931,0.5971177147701265,0.1493795191081582,0.1022897591682722,1.359708810861839,0.0786756730845425,7511,"('2023-07-24 00:00:00+00:00', '2024-05-31 23:00:00+00:00')",
M5all_noage,01303_1,clean,0.0655039275728931,0.618594828694002,0.1340496109934477,0.0942040072759616,1.3818677066544105,0.0779910586245501,7019,"('2023-07-24 00:00:00+00:00', '2024-05-31 23:00:00+00:00')",
M5all_noage,01303_1,clean_exkl_curt,0.0655039275728931,0.5931947821623413,0.1326031252644391,0.0928702498226345,1.3921908895047832,0.0768207187568366,7019,"('2023-07-24 00:00:00+00:00', '2024-05-31 23:00:00+00:00')",0.0430260720900413
M5all_noage,01303_2,raw,0.0801491146318732,0.7122832934296619,0.115775152318167,0.0758470583960361,1.1860119621690048,0.0381360318755171,7511,"('2023-07-24 00:00:00+00:00', '2024-05-31 23:00:00+00:00')",
M5all_noage,01303_2,clean,0.0801491146318732,0.7702246353744202,0.0935325422530458,0.0650101281207302,1.184922773199367,0.0356907135534304,6909,"('2023-07-24 00:00:00+00:00', '2024-05-31 23:00:00+00:00')",
M5all_noage,01303_2,clean_exkl_curt,0.0801491146318732,0.7583966155063135,0.0919228176658356,0.0636383970110866,1.185602563043361,0.0344488822243575,6909,"('2023-07-24 00:00:00+00:00', '2024-05-31 23:00:00+00:00')",0.0424084527427992
M5all_noage,02483,raw,0.1871671991480298,0.6890859527389354,0.2006260319016273,0.1335051730798803,0.9239529320651668,0.0352519944259328,7512,"('2023-07-24 00:00:00+00:00', '2024-05-31 23:00:00+00:00')",
M5all_noage,02483,clean,0.1871671991480298,0.8805593300832847,0.1286283102291244,0.0912037287596704,0.8965151954053859,0.0467190067907274,6106,"('2023-07-24 01:00:00+00:00', '2024-05-31 23:00:00+00:00')",
M5all_noage,02483,clean_exkl_curt,0.1871671991480298,0.8759854721196386,0.1299384706458426,0.09205433035699,0.8925806717723097,0.0475549490674094,6106,"('2023-07-24 01:00:00+00:00', '2024-05-31 23:00:00+00:00')",0.0524074680641991
M5all_noage,04745,raw,0.0123983468870817,0.6672498616225742,0.0808361126491175,0.0455528999363163,1.1461037184509029,0.0191183258455189,7501,"('2023-07-24 00:00:00+00:00', '2024-05-31 23:00:00+00:00')",
M5all_noage,04745,clean,0.0123983468870817,0.7194278178061302,0.0719408380233108,0.0427044291351215,1.1290247771971125,0.0174453658091945,7408,"('2023-07-24 00:00:00+00:00', '2024-05-31 23:00:00+00:00')",
M5all_noage,04745,clean_exkl_curt,0.0123983468870817,0.7046227686222224,0.067726787906577,0.0402925376873974,1.1327566104817686,0.0170073832098857,7408,"('2023-07-24 00:00:00+00:00', '2024-05-31 23:00:00+00:00')",0.0480561555075593
M5all_noage,05347,raw,0.2287311942484355,0.6196113737144924,0.1856011459592734,0.1151647334657599,1.0773801465716406,0.0356358654807714,7511,"('2023-07-24 00:00:00+00:00', '2024-05-31 23:00:00+00:00')",
M5all_noage,05347,clean,0.2287311942484355,0.8375662825396832,0.1136307802974811,0.076082918787501,0.9620009532288596,0.0420522066461276,5793,"('2023-07-24 03:00:00+00:00', '2024-05-30 20:00:00+00:00')",
M5all_noage,05347,clean_exkl_curt,0.2287311942484355,0.8267000466632193,0.1139262588953358,0.0764204268245058,0.9564266349639006,0.0427186691639906,5793,"('2023-07-24 03:00:00+00:00', '2024-05-30 20:00:00+00:00')",0.0393578456758156
M5all_noage,05426,raw,0.1568157614483493,0.5775956601630073,0.1991234269913706,0.1254486547714024,1.1377243971511968,0.0389016566489428,7512,"('2023-07-24 00:00:00+00:00', '2024-05-31 23:00:00+00:00')",
M5all_noage,05426,clean,0.1568157614483493,0.7574462283476894,0.1467518012835881,0.09896482094883,1.106098487288056,0.0351937065528763,6334,"('2023-07-24 04:00:00+00:00', '2024-05-31 18:00:00+00:00')",
M5all_noage,05426,clean_exkl_curt,0.1568157614483493,0.7465574392538052,0.1471965983919675,0.0992767872991687,1.1064884491997322,0.0352166947684656,6334,"('2023-07-24 04:00:00+00:00', '2024-05-31 18:00:00+00:00')",0.046100410483107
M5all_noage,07374,raw,0.0319488817891373,0.6049834585241154,0.131610023646081,0.0804115983845466,1.2187094494041253,0.0420414706921701,7512,"('2023-07-24 00:00:00+00:00', '2024-05-31 23:00:00+00:00')",
M5all_noage,07374,clean,0.0319488817891373,0.6940474769476868,0.1157848943221567,0.0744835080640621,1.1798188644131815,0.0356982466999925,7272,"('2023-07-24 00:00:00+00:00', '2024-05-31 23:00:00+00:00')",
M5all_noage,07374,clean_exkl_curt,0.0319488817891373,0.6975413779437514,0.1111880451411573,0.0717180528837704,1.1740554666107836,0.0332170688273483,7272,"('2023-07-24 00:00:00+00:00', '2024-05-31 23:00:00+00:00')",0.0468921892189218
MK,00198_1,raw,0.1154153354632587,0.4050728124094853,0.2119044759263016,0.1345317816923441,1.0550689204193389,0.0322094762893044,7512,"('2023-07-24 00:00:00+00:00', '2024-05-31 23:00:00+00:00')",
MK,00198_1,clean,0.1154153354632587,0.5624867571345704,0.1764603195334258,0.1169850429812287,1.0066624953016328,0.0326469500814102,6645,"('2023-07-24 00:00:00+00:00', '2024-05-31 23:00:00+00:00')",
MK,00198_1,clean_exkl_curt,0.1154153354632587,0.5357423601694125,0.1772004611024633,0.117253938716042,0.9954465611348552,0.034029684058364,6645,"('2023-07-24 00:00:00+00:00', '2024-05-31 23:00:00+00:00')",0.0495109104589917
MK,00198_2,raw,0.251301726500411,0.6671998620982825,0.1936556698043499,0.1277276363865166,0.9901405188756148,0.0337621119365715,3649,"('2023-12-31 23:00:00+00:00', '2024-05-31 23:00:00+00:00')",
MK,00198_2,clean,0.251301726500411,0.8659244074012662,0.1184149521086528,0.0836246621741333,0.994696890502022,0.0257960612978043,2732,"('2023-12-31 23:00:00+00:00', '2024-05-31 23:00:00+00:00')",
MK,00198_2,clean_exkl_curt,0.251301726500411,0.8624570975542964,0.118878669491108,0.0839117289537614,0.9923628490556776,0.0264316304869576,2732,"('2023-12-31 23:00:00+00:00', '2024-05-31 23:00:00+00:00')",0.0398975109809663
MK,00282,raw,0.1817092651757188,0.4956118545271013,0.2335186674377205,0.1518240700056939,0.9126495471472074,0.0445992434456592,7512,"('2023-07-24 00:00:00+00:00', '2024-05-31 23:00:00+00:00')",
MK,00282,clean,0.1817092651757188,0.6928365770503817,0.1788768271200246,0.1194634159601508,0.8164745988539961,0.0668980607045393,6147,"('2023-07-24 00:00:00+00:00', '2024-05-31 23:00:00+00:00')",
MK,00282,clean_exkl_curt,0.1817092651757188,0.6857150482590009,0.1799136939162024,0.1203939379309614,0.810847451900583,0.0682270761028198,6147,"('2023-07-24 00:00:00+00:00', '2024-05-31 23:00:00+00:00')",0.0333496014315926
MK,00298,raw,0.2123269435569754,0.4976556506497085,0.2339291942664396,0.1468970666089788,1.0228293983981815,0.023851684352904,7512,"('2023-07-24 00:00:00+00:00', '2024-05-31 23:00:00+00:00')",
MK,00298,clean,0.2123269435569754,0.8413688757380834,0.1273148072165301,0.090201481370252,0.9217810074414848,0.0275500648296918,5917,"('2023-07-24 00:00:00+00:00', '2024-05-31 23:00:00+00:00')",
MK,00298,clean_exkl_curt,0.2123269435569754,0.8384098948720311,0.1269328640477403,0.0900086013161264,0.9196083211182698,0.0275825601374189,5917,"('2023-07-24 00:00:00+00:00', '2024-05-31 23:00:00+00:00')",0.0408991042758154
MK,01200_1,raw,0.1337859424920128,0.2983973699376129,0.2444588824216195,0.1303194814879248,1.2515708995240324,0.0691545641983212,7512,"('2023-07-24 00:00:00+00:00', '2024-05-31 23:00:00+00:00')",
MK,01200_1,clean,0.1337859424920128,0.8353056002103603,0.1142738165705673,0.0782358562351833,1.057355295396127,0.0207229447804928,6507,"('2023-07-24 00:00:00+00:00', '2024-05-31 23:00:00+00:00')",
MK,01200_1,clean_exkl_curt,0.1337859424920128,0.8264587149699724,0.1134254318909294,0.0775564709731184,1.0561625369041827,0.0202665900459982,6507,"('2023-07-24 00:00:00+00:00', '2024-05-31 23:00:00+00:00')",0.041340095282004
MK,01200_2,raw,0.1348509052183173,0.5664739562244723,0.1915811673711339,0.1178172206343387,1.2872466285330335,0.0820582332611605,7512,"('2023-07-24 00:00:00+00:00', '2024-05-31 23:00:00+00:00')",
MK,01200_2,clean,0.1348509052183173,0.7184424014481741,0.1419896693182318,0.0934408148959397,1.261626707812587,0.06642796524349,6499,"('2023-07-24 01:00:00+00:00', '2024-05-31 23:00:00+00:00')",
MK,01200_2,clean_exkl_curt,0.1348509052183173,0.6996267743440489,0.1417796333590257,0.0929727164262327,1.2693663869771958,0.0655547601714873,6499,"('2023-07-24 01:00:00+00:00', '2024-05-31 23:00:00+00:00')",0.0381597168795199
MK,01303_1,raw,0.0651045133803754,0.7538439617835532,0.1167635304576796,0.076537102578741,1.0090080900226654,0.0194970073878723,7511,"('2023-07-24 00:00:00+00:00', '2024-05-31 23:00:00+00:00')",
MK,01303_1,clean,0.0651045133803754,0.8118796586784544,0.0930622624930245,0.0654764879508059,0.9887168999357422,0.0183358652417839,7022,"('2023-07-24 00:00:00+00:00', '2024-05-31 23:00:00+00:00')",
MK,01303_1,clean_exkl_curt,0.0651045133803754,0.8002888337808169,0.0919737723072992,0.064408899860151,0.9799621291178344,0.0180849042573022,7022,"('2023-07-24 00:00:00+00:00', '2024-05-31 23:00:00+00:00')",0.041868413557391
MK,01303_2,raw,0.0814804952735986,0.7295240657479185,0.1122527878287443,0.0753230903528527,0.8055446693226127,0.0455275762096355,7511,"('2023-07-24 00:00:00+00:00', '2024-05-31 23:00:00+00:00')",
MK,01303_2,clean,0.0814804952735986,0.7767200292163062,0.0906852376124307,0.0643216939158572,0.7609347832969243,0.0456326937439604,6899,"('2023-07-24 00:00:00+00:00', '2024-05-31 23:00:00+00:00')",
MK,01303_2,clean_exkl_curt,0.0814804952735986,0.7614008968155558,0.0900133386135902,0.0636836683218081,0.7476016223351125,0.045729145061781,6899,"('2023-07-24 00:00:00+00:00', '2024-05-31 23:00:00+00:00')",0.0410204377446006
MK,02483,raw,0.200612353567625,0.6549634728320615,0.2113487328810961,0.1432918713412416,1.174819836801489,0.0910131968089675,7512,"('2023-07-24 00:00:00+00:00', '2024-05-31 23:00:00+00:00')",
MK,02483,clean,0.200612353567625,0.8461168769241685,0.1450477200002895,0.1041533462593827,1.1407383924837105,0.0787478647097343,6005,"('2023-07-24 00:00:00+00:00', '2024-05-31 23:00:00+00:00')",
MK,02483,clean_exkl_curt,0.200612353567625,0.8448986509814863,0.1445116844039405,0.1038642198065471,1.143946809923184,0.077943030167859,6005,"('2023-07-24 00:00:00+00:00', '2024-05-31 23:00:00+00:00')",0.0516236469608659
MK,04745,raw,0.0227969604052793,0.7562711488931042,0.0691830602478759,0.0401696167027365,1.0012388313611376,0.0039347510836534,7501,"('2023-07-24 00:00:00+00:00', '2024-05-31 23:00:00+00:00')",
MK,04745,clean,0.0227969604052793,0.7936729419906147,0.0613104682928255,0.0377818938093232,0.9820003360908366,0.0042957498443653,7330,"('2023-07-24 00:00:00+00:00', '2024-05-31 23:00:00+00:00')",
MK,04745,clean_exkl_curt,0.0227969604052793,0.7785328154606247,0.0582524091101431,0.0358988842363405,0.9799207670546844,0.0048743003537768,7330,"('2023-07-24 00:00:00+00:00', '2024-05-31 23:00:00+00:00')",0.0481582537517053
MK,05347,raw,0.2689388896285448,0.4480075573310833,0.2235802604906773,0.1510539755430243,1.469510883675816,0.1272183496422342,7511,"('2023-07-24 00:00:00+00:00', '2024-05-31 23:00:00+00:00')",
MK,05347,clean,0.2689388896285448,0.657415387399549,0.1675994478209218,0.1179528027530326,1.3516799647039557,0.1014246465619737,5491,"('2023-07-24 00:00:00+00:00', '2024-05-30 09:00:00+00:00')",
MK,05347,clean_exkl_curt,0.2689388896285448,0.640511820420891,0.167166492902775,0.117831950976706,1.3632420468669788,0.1010294871480967,5491,"('2023-07-24 00:00:00+00:00', '2024-05-30 09:00:00+00:00')",0.0397013294481879
MK,05426,raw,0.1843716719914803,0.3062219349605762,0.255192822094072,0.1749292669408289,1.497590654941255,0.1405363237705073,7512,"('2023-07-24 00:00:00+00:00', '2024-05-31 23:00:00+00:00')",
MK,05426,clean,0.1843716719914803,0.4189352095661615,0.2256267757290885,0.15947361611104,1.4623624137308266,0.137811922900647,6127,"('2023-07-24 04:00:00+00:00', '2024-05-31 18:00:00+00:00')",
MK,05426,clean_exkl_curt,0.1843716719914803,0.3930163667901489,0.2266290997088402,0.1602984430233262,1.4734337428787003,0.1382205607056894,6127,"('2023-07-24 04:00:00+00:00', '2024-05-31 18:00:00+00:00')",0.0450465154235351
MK,07374,raw,0.0319488817891373,0.650372134757309,0.1238181598221463,0.0771056210421883,0.9330023294386118,0.021443146731148,7512,"('2023-07-24 00:00:00+00:00', '2024-05-31 23:00:00+00:00')",
MK,07374,clean,0.0319488817891373,0.7113476225851421,0.1125217544412078,0.0728719893885633,0.9026215706380984,0.0268456575840117,7272,"('2023-07-24 00:00:00+00:00', '2024-05-31 23:00:00+00:00')",
MK,07374,clean_exkl_curt,0.0319488817891373,0.7096575778178615,0.109002654739116,0.0707133378713915,0.8844190001887825,0.027239476025857,7272,"('2023-07-24 00:00:00+00:00', '2024-05-31 23:00:00+00:00')",0.0467546754675467
M0,00198_1,raw,0.13662215628091,0.5740400855448687,0.1771419376803121,0.1206721032149157,1.0455185130420397,0.0551202396193181,8088,"('2023-06-30 00:00:00+00:00', '2024-05-31 23:00:00+00:00')",
M0,00198_1,clean,0.13662215628091,0.646154334217586,0.1525475807310069,0.1082894094105941,1.0033206140668984,0.057913714022434,6983,"('2023-06-30 03:00:00+00:00', '2024-05-31 23:00:00+00:00')",
M0,00198_1,clean_exkl_curt,0.13662215628091,0.6383015176659574,0.1505221740168985,0.107123575005685,0.9996237231308924,0.0578787027573326,6983,"('2023-06-30 03:00:00+00:00', '2024-05-31 23:00:00+00:00')",0.0506945438923098
M0,00198_2,raw,0.2704850644012058,0.7132101515455015,0.1797712983991295,0.1367555467953988,1.0208430896747056,0.0799095217594642,3649,"('2023-12-31 23:00:00+00:00', '2024-05-31 23:00:00+00:00')",
M0,00198_2,clean,0.2704850644012058,0.8054078805932732,0.1432628078140363,0.1144007260890318,1.006265816008192,0.0856075636102495,2662,"('2023-12-31 23:00:00+00:00', '2024-05-31 23:00:00+00:00')",
M0,00198_2,clean_exkl_curt,0.2704850644012058,0.8020046927861061,0.1432999939188469,0.114285782505293,1.0074386456522382,0.0850237236601097,2662,"('2023-12-31 23:00:00+00:00', '2024-05-31 23:00:00+00:00')",0.0405709992486852
M0,00282,raw,0.1933728981206726,0.5863029654689212,0.209124710921779,0.1551858515090514,1.094547397836576,0.0850139911655384,8088,"('2023-06-30 00:00:00+00:00', '2024-05-31 23:00:00+00:00')",
M0,00282,clean,0.1933728981206726,0.7371365544877623,0.1639808344877187,0.1309946050280694,1.0225930955035445,0.0919953623280387,6524,"('2023-06-30 01:00:00+00:00', '2024-05-31 23:00:00+00:00')",
M0,00282,clean_exkl_curt,0.1933728981206726,0.7372148172863107,0.1630049883359394,0.1301247162946075,1.0192421302430117,0.0914005689809503,6524,"('2023-06-30 01:00:00+00:00', '2024-05-31 23:00:00+00:00')",0.0314224402207234
M0,01303_2,raw,0.10399406454804,0.1120582325132553,0.2014643950513319,0.1260012431749172,0.3980390177021088,0.1206571316653614,8087,"('2023-06-30 00:00:00+00:00', '2024-05-31 23:00:00+00:00')",
M0,01303_2,clean,0.10399406454804,0.100120457287312,0.1841730904342228,0.1162833512129297,0.407293335911729,0.1119410515840157,7246,"('2023-06-30 00:00:00+00:00', '2024-05-31 23:00:00+00:00')",
M0,01303_2,clean_exkl_curt,0.10399406454804,0.1109684667052185,0.1746267013749288,0.1097905234600093,0.414864444202787,0.1054662492797012,7246,"('2023-06-30 00:00:00+00:00', '2024-05-31 23:00:00+00:00')",0.0473364614959977
M0,02483,raw,0.2027695351137487,0.5925244708458218,0.2278537101578206,0.1699015676722716,0.779036236119083,0.1298246830695681,8088,"('2023-06-30 00:00:00+00:00', '2024-05-31 23:00:00+00:00')",
M0,02483,clean,0.2027695351137487,0.6868862640529918,0.2050060958066407,0.1537826223635235,0.777457900160825,0.1375027111076647,6448,"('2023-06-30 00:00:00+00:00', '2024-05-31 23:00:00+00:00')",
M0,02483,clean_exkl_curt,0.2027695351137487,0.6774156097759158,0.2058205911419485,0.1539447272267389,0.772885063019919,0.1373946117795844,6448,"('2023-06-30 00:00:00+00:00', '2024-05-31 23:00:00+00:00')",0.0462158808933002
M0,04745,raw,0.0481614460814658,0.0792977011976652,0.1332598826280397,0.1019917726489024,1.935226992797883,0.099068853073886,8077,"('2023-06-30 00:00:00+00:00', '2024-05-31 23:00:00+00:00')",
M0,04745,clean,0.0481614460814658,0.0748596618986723,0.1285278533971349,0.1015829230739584,1.933811747698112,0.0995705974920029,7688,"('2023-06-30 00:00:00+00:00', '2024-05-31 23:00:00+00:00')",
M0,04745,clean_exkl_curt,0.0481614460814658,-0.0431958273519379,0.1250005627889623,0.0993516814870693,1.9947775257450784,0.0975276979203178,7688,"('2023-06-30 00:00:00+00:00', '2024-05-31 23:00:00+00:00')",0.0516389177939646
M0,05347,raw,0.3124768146407815,0.4168741178273208,0.2272228897043446,0.1745320634849261,1.5147510187451925,0.1419643858750374,8087,"('2023-06-30 00:00:00+00:00', '2024-05-31 23:00:00+00:00')",
M0,05347,clean,0.3124768146407815,0.6016176650525521,0.1751016475457363,0.1405064891385593,1.4086908063350687,0.1277079678828366,5560,"('2023-06-30 03:00:00+00:00', '2024-05-30 09:00:00+00:00')",
M0,05347,clean_exkl_curt,0.3124768146407815,0.5763189604949654,0.1754278121426861,0.1412365855566755,1.4298088372535982,0.1286308350579554,5560,"('2023-06-30 03:00:00+00:00', '2024-05-30 09:00:00+00:00')",0.0406474820143884
M0,05426,raw,0.2053659742828882,0.6144700193622348,0.1879208302965717,0.1404800429992307,1.252329780125885,0.087804453274086,8088,"('2023-06-30 00:00:00+00:00', '2024-05-31 23:00:00+00:00')",
M0,05426,clean,0.2053659742828882,0.7573429082059581,0.1462851868737018,0.1159535878781592,1.1764650073635667,0.0785763826219249,6427,"('2023-06-30 02:00:00+00:00', '2024-05-31 18:00:00+00:00')",
M0,05426,clean_exkl_curt,0.2053659742828882,0.7494875529183895,0.1457126135806298,0.1156425144459481,1.1825389012450849,0.0787394757157704,6427,"('2023-06-30 02:00:00+00:00', '2024-05-31 18:00:00+00:00')",0.0488563871168507
M0,07374,raw,0.0542779426310583,0.7001006891355104,0.1129621505924788,0.0747086355879595,1.0364382426000902,0.036374731205438,8088,"('2023-06-30 00:00:00+00:00', '2024-05-31 23:00:00+00:00')",
M0,07374,clean,0.0542779426310583,0.7493322691935549,0.1034747411401365,0.0710734306704035,1.0002360746487942,0.0350584949489584,7649,"('2023-06-30 00:00:00+00:00', '2024-05-31 23:00:00+00:00')",
M0,07374,clean_exkl_curt,0.0542779426310583,0.7481775369901398,0.1003306842584771,0.0688680280812686,0.9978297841495374,0.0345302241124684,7649,"('2023-06-30 00:00:00+00:00', '2024-05-31 23:00:00+00:00')",0.0502026408680873
M5all_distgate,00282,raw,0.1794462193823216,0.0253167719131053,0.3246167420702255,0.2080662564780986,1.107095539548941,0.0437338293696775,7512,"('2023-07-24 00:00:00+00:00', '2024-05-31 23:00:00+00:00')",
M5all_distgate,00282,clean,0.1794462193823216,0.2526579173195432,0.2760827369552794,0.1714425384617847,1.1218852309617091,0.0542014909307958,6164,"('2023-07-24 00:00:00+00:00', '2024-05-31 23:00:00+00:00')",
M5all_distgate,00282,clean_exkl_curt,0.1794462193823216,0.2440019359448998,0.2764750318971555,0.1723151692018133,1.124889410007677,0.0551698439699513,6164,"('2023-07-24 00:00:00+00:00', '2024-05-31 23:00:00+00:00')",0.0319597663854639
M5all_distgate,01200_1,raw,0.1236687965921192,0.0424363537721014,0.2855906880056791,0.1730133967569914,1.4734382345793848,0.1317830178595303,7512,"('2023-07-24 00:00:00+00:00', '2024-05-31 23:00:00+00:00')",
M5all_distgate,01200_1,clean,0.1236687965921192,0.5319357370150662,0.1897161613299082,0.1258421703277177,1.3475501072414644,0.1037699384770113,6583,"('2023-07-24 00:00:00+00:00', '2024-05-31 23:00:00+00:00')",
M5all_distgate,01200_1,clean_exkl_curt,0.1236687965921192,0.5074824683985053,0.1887915289692011,0.1248003752273438,1.3553754495982804,0.1024384084761346,6583,"('2023-07-24 00:00:00+00:00', '2024-05-31 23:00:00+00:00')",0.0387361385386601
M5all_distgate,01200_2,raw,0.136182108626198,0.0914630901226859,0.2773425515327559,0.1771434395210748,1.4469798129050022,0.1309996631237059,7512,"('2023-07-24 00:00:00+00:00', '2024-05-31 23:00:00+00:00')",
M5all_distgate,01200_2,clean,0.136182108626198,0.2354746118077589,0.2259869744575783,0.1468249396653392,1.519937108694782,0.1287301733749308,6489,"('2023-07-24 01:00:00+00:00', '2024-05-31 23:00:00+00:00')",
M5all_distgate,01200_2,clean_exkl_curt,0.136182108626198,0.1977565655593909,0.2247393713695077,0.1453565461570304,1.532370245293366,0.1269878182177903,6489,"('2023-07-24 01:00:00+00:00', '2024-05-31 23:00:00+00:00')",0.0340576359993835
M5all_distgate,02483,raw,0.1606762513312034,0.5244478362967981,0.2481225252048091,0.156641913762417,1.0627533321630145,0.0450693951683648,7512,"('2023-07-24 00:00:00+00:00', '2024-05-31 23:00:00+00:00')",
M5all_distgate,02483,clean,0.1606762513312034,0.766300757695094,0.1772825942836881,0.1134352861726064,1.0646286148526591,0.0469750755306934,6305,"('2023-07-24 01:00:00+00:00', '2024-05-31 23:00:00+00:00')",
M5all_distgate,02483,clean_exkl_curt,0.1606762513312034,0.772082638905462,0.1734491453020289,0.1125126864373062,1.0694940781594628,0.0471429876642675,6305,"('2023-07-24 01:00:00+00:00', '2024-05-31 23:00:00+00:00')",0.0485329103885804
M5all_distgate,05347,raw,0.2781254160564506,-0.2310300553743156,0.333888314688887,0.2288420659229427,1.5200550567607998,0.1409477785424446,7511,"('2023-07-24 00:00:00+00:00', '2024-05-31 23:00:00+00:00')",
M5all_distgate,05347,clean,0.2781254160564506,-0.0877920339833497,0.2869369395950247,0.1926209054684383,1.495015183185149,0.1297373375187976,5422,"('2023-07-24 00:00:00+00:00', '2024-05-30 20:00:00+00:00')",
M5all_distgate,05347,clean_exkl_curt,0.2781254160564506,-0.0914852062710569,0.2781695452593076,0.1880372944543707,1.5397182440389083,0.1360534149380749,5422,"('2023-07-24 00:00:00+00:00', '2024-05-30 20:00:00+00:00')",0.0381777941718922
M2noage_distgate,00282,raw,0.1777156549520766,-0.280926399163556,0.3721356325920625,0.2652095718140383,1.3902464867052804,0.1407398820132251,7512,"('2023-07-24 00:00:00+00:00', '2024-05-31 23:00:00+00:00')",
M2noage_distgate,00282,clean,0.1777156549520766,-0.0905697499741859,0.3348833338641099,0.2367996696948741,1.4288102378353371,0.1513068564857775,6177,"('2023-07-24 00:00:00+00:00', '2024-05-31 23:00:00+00:00')",
M2noage_distgate,00282,clean_exkl_curt,0.1777156549520766,-0.0999653016370134,0.3350022313628599,0.2377022343207134,1.43634755002938,0.1537420316859759,6177,"('2023-07-24 00:00:00+00:00', '2024-05-31 23:00:00+00:00')",0.0318925044519993
M2noage_distgate,01200_1,raw,0.1240681576144835,-0.2163371151047919,0.3218749635969283,0.2075666417236968,1.6365217536042431,0.1760288603135115,7512,"('2023-07-24 00:00:00+00:00', '2024-05-31 23:00:00+00:00')",
M2noage_distgate,01200_1,clean,0.1240681576144835,0.2605475963409785,0.2384732808728312,0.1625422766236195,1.518141827480239,0.1448552277086554,6580,"('2023-07-24 00:00:00+00:00', '2024-05-31 23:00:00+00:00')",
M2noage_distgate,01200_1,clean_exkl_curt,0.1240681576144835,0.2220746634455681,0.2372811305647418,0.1611240079206611,1.5318709245547868,0.1430604896112423,6580,"('2023-07-24 00:00:00+00:00', '2024-05-31 23:00:00+00:00')",0.0387537993920972
M2noage_distgate,01200_2,raw,0.1383120340788072,-0.1412609934377264,0.3108405766557031,0.2055451537863614,1.5637228067362985,0.1625867420120364,7512,"('2023-07-24 00:00:00+00:00', '2024-05-31 23:00:00+00:00')",
M2noage_distgate,01200_2,clean,0.1383120340788072,-0.069132450313353,0.266883777134964,0.1765024700927965,1.6628108793976506,0.1610292382380274,6473,"('2023-07-24 01:00:00+00:00', '2024-05-31 23:00:00+00:00')",
M2noage_distgate,01200_2,clean_exkl_curt,0.1383120340788072,-0.1325711708656525,0.2656964746582931,0.1750786520995813,1.6832268769641945,0.1594652033261669,6473,"('2023-07-24 01:00:00+00:00', '2024-05-31 23:00:00+00:00')",0.0349142592306503
M2noage_distgate,02483,raw,0.1648029818956337,0.5666994906123105,0.2368436313790625,0.1530263919854275,1.145330768777449,0.0786289911986628,7512,"('2023-07-24 00:00:00+00:00', '2024-05-31 23:00:00+00:00')",
M2noage_distgate,02483,clean,0.1648029818956337,0.809328820489837,0.1591593231951233,0.1119416874172739,1.1626639376905954,0.0857302262115249,6274,"('2023-07-24 00:00:00+00:00', '2024-05-31 23:00:00+00:00')",
M2noage_distgate,02483,clean_exkl_curt,0.1648029818956337,0.8036873073642123,0.1600170875984056,0.1127593254538831,1.1681554469546016,0.0859008615675132,6274,"('2023-07-24 00:00:00+00:00', '2024-05-31 23:00:00+00:00')",0.0468600573796621
M2noage_distgate,05347,raw,0.2801224870190387,-0.7855135704586416,0.4021133294466062,0.2974245906071812,1.8325798807952145,0.2255624704198557,7511,"('2023-07-24 00:00:00+00:00', '2024-05-31 23:00:00+00:00')",
M2noage_distgate,05347,clean,0.2801224870190387,-0.7542825508085049,0.3695497087968747,0.2703990909581204,1.809839124037448,0.2145064323981477,5407,"('2023-07-24 00:00:00+00:00', '2024-05-30 20:00:00+00:00')",
M2noage_distgate,05347,clean_exkl_curt,0.2801224870190387,-0.8307133625494698,0.3647116565251574,0.2677945003192046,1.8709984961839048,0.2221933463601856,5407,"('2023-07-24 00:00:00+00:00', '2024-05-30 20:00:00+00:00')",0.0377288699833549
M5_simgate,00198_1,raw,0.0955804046858359,0.4353414570757891,0.2064434810800632,0.1314845558115709,0.9810572796157108,0.0339899602831529,7512,"('2023-07-24 00:00:00+00:00', '2024-05-31 23:00:00+00:00')",
M5_simgate,00198_1,clean,0.0955804046858359,0.585328909907699,0.1733237357801362,0.1157903427508032,0.9386265208646796,0.0403220046802667,6794,"('2023-07-24 00:00:00+00:00', '2024-05-31 23:00:00+00:00')",
M5_simgate,00198_1,clean_exkl_curt,0.0955804046858359,0.5617651965750521,0.1731910357006596,0.1154686751691439,0.9286325427524864,0.0410226839391385,6794,"('2023-07-24 00:00:00+00:00', '2024-05-31 23:00:00+00:00')",0.0507801000883132
M5_simgate,00198_2,raw,0.1858043299534119,0.6787013420417887,0.1902799040092794,0.1259211483731518,0.9577459457278747,0.0388729485812106,3649,"('2023-12-31 23:00:00+00:00', '2024-05-31 23:00:00+00:00')",
M5_simgate,00198_2,clean,0.1858043299534119,0.8488746667642062,0.1279929999043692,0.0882424506082886,0.9418288488888996,0.0369923566842445,2971,"('2023-12-31 23:00:00+00:00', '2024-05-31 23:00:00+00:00')",
M5_simgate,00198_2,clean_exkl_curt,0.1858043299534119,0.8428012521950776,0.1291903107364656,0.0891588719590263,0.9374639623864168,0.0383840210614756,2971,"('2023-12-31 23:00:00+00:00', '2024-05-31 23:00:00+00:00')",0.0437563110063951
M5_simgate,00282,raw,0.1401757188498402,0.1878545469255627,0.2963166648265369,0.2074409498271586,0.544074518541044,0.1638688001771679,7512,"('2023-07-24 00:00:00+00:00', '2024-05-31 23:00:00+00:00')",
M5_simgate,00282,clean,0.1401757188498402,0.3247704529565018,0.267634477279049,0.1872363159385635,0.4665050796510006,0.1816973174165,6459,"('2023-07-24 00:00:00+00:00', '2024-05-31 23:00:00+00:00')",
M5_simgate,00282,clean_exkl_curt,0.1401757188498402,0.3149412837051816,0.2678435273836942,0.187625273835489,0.4615511412991433,0.1822108531365456,6459,"('2023-07-24 00:00:00+00:00', '2024-05-31 23:00:00+00:00')",0.0368478092583991
M5_simgate,00298,raw,0.1702609158679446,0.4837256775197225,0.237150435739261,0.1475647911976057,1.30201102276071,0.1064471017166486,7512,"('2023-07-24 00:00:00+00:00', '2024-05-31 23:00:00+00:00')",
M5_simgate,00298,clean,0.1702609158679446,0.7761010341654169,0.1535644855976384,0.1045589127363104,1.2152982211021408,0.0757417848878414,6233,"('2023-07-24 00:00:00+00:00', '2024-05-31 23:00:00+00:00')",
M5_simgate,00298,clean_exkl_curt,0.1702609158679446,0.7670012986250445,0.1547682230461567,0.1055744202056358,1.2237815413163964,0.0768247774158473,6233,"('2023-07-24 00:00:00+00:00', '2024-05-31 23:00:00+00:00')",0.0388256056473608
M5_simgate,01200_1,raw,0.1273961661341852,0.2414939710844329,0.2541790407318369,0.1427584468177576,1.39096440274594,0.1074725770751143,7512,"('2023-07-24 00:00:00+00:00', '2024-05-31 23:00:00+00:00')",
M5_simgate,01200_1,clean,0.1273961661341852,0.773751791574737,0.133983555433313,0.0927141800291562,1.2301250271801585,0.0645088401365368,6555,"('2023-07-24 00:00:00+00:00', '2024-05-31 23:00:00+00:00')",
M5_simgate,01200_1,clean_exkl_curt,0.1273961661341852,0.7583136392737595,0.1342074580999719,0.0928243023485441,1.2401585181035402,0.0646166249072395,6555,"('2023-07-24 00:00:00+00:00', '2024-05-31 23:00:00+00:00')",0.040274599542334
M5_simgate,01200_2,raw,0.1401757188498402,0.5084821820124654,0.2039928060487536,0.1308044112091714,1.3866625760118685,0.1104627129419075,7512,"('2023-07-24 00:00:00+00:00', '2024-05-31 23:00:00+00:00')",
M5_simgate,01200_2,clean,0.1401757188498402,0.6204206750442481,0.1616228761727514,0.1099590080025058,1.3977337695996872,0.0987283498231529,6459,"('2023-07-24 01:00:00+00:00', '2024-05-31 23:00:00+00:00')",
M5_simgate,01200_2,clean_exkl_curt,0.1401757188498402,0.5953890389162784,0.161681440979699,0.1099195892403095,1.4147015238062663,0.0990301435741433,6459,"('2023-07-24 01:00:00+00:00', '2024-05-31 23:00:00+00:00')",0.0354544047066109
M5_simgate,01303_1,raw,0.0655039275728931,0.670184639883698,0.1351566472390886,0.0912899271176784,1.2842399234930733,0.0622417915835433,7511,"('2023-07-24 00:00:00+00:00', '2024-05-31 23:00:00+00:00')",
M5_simgate,01303_1,clean,0.0655039275728931,0.7057022469277291,0.1177513086942329,0.0823810072509337,1.3001072279754475,0.0614336710708987,7019,"('2023-07-24 00:00:00+00:00', '2024-05-31 23:00:00+00:00')",
M5_simgate,01303_1,clean_exkl_curt,0.0655039275728931,0.6865496320997655,0.1163978328487204,0.0811653695758496,1.3076283572488137,0.0604024418777478,7019,"('2023-07-24 00:00:00+00:00', '2024-05-31 23:00:00+00:00')",0.0430260720900413
M5_simgate,01303_2,raw,0.0801491146318732,0.7822960065476636,0.1007084747742261,0.064949003711342,1.0303028391817384,0.0104163840108674,7511,"('2023-07-24 00:00:00+00:00', '2024-05-31 23:00:00+00:00')",
M5_simgate,01303_2,clean,0.0801491146318732,0.8482263151397065,0.0760167409072528,0.053600722924832,1.0162251902902195,0.0077963981713603,6909,"('2023-07-24 00:00:00+00:00', '2024-05-31 23:00:00+00:00')",
M5_simgate,01303_2,clean_exkl_curt,0.0801491146318732,0.8395404819288484,0.0749125469611751,0.0526433148370346,1.0137690046909404,0.0073222477309694,6909,"('2023-07-24 00:00:00+00:00', '2024-05-31 23:00:00+00:00')",0.0424084527427992
M5_simgate,02483,raw,0.1930244941427049,0.1931512444688364,0.3231939170632783,0.2414479871115638,1.4320193916033943,0.2078919263035417,7512,"('2023-07-24 00:00:00+00:00', '2024-05-31 23:00:00+00:00')",
M5_simgate,02483,clean,0.1930244941427049,0.3490587017578923,0.2976750195018704,0.2279501230239573,1.455675250671313,0.2172915899790859,6062,"('2023-07-24 01:00:00+00:00', '2024-05-31 23:00:00+00:00')",
M5_simgate,02483,clean_exkl_curt,0.1930244941427049,0.3283571883228952,0.2995661976711377,0.2306867548401953,1.4736895076810748,0.2202583498913941,6062,"('2023-07-24 01:00:00+00:00', '2024-05-31 23:00:00+00:00')",0.0514681623226657
M5_simgate,04745,raw,0.0123983468870817,0.7367141698778419,0.0719051573851217,0.0411586166852035,0.9969352751318444,0.0059562349834941,7501,"('2023-07-24 00:00:00+00:00', '2024-05-31 23:00:00+00:00')",
M5_simgate,04745,clean,0.0123983468870817,0.780602795077759,0.063616347802514,0.038548847694332,0.9799617348906156,0.0055265853230874,7408,"('2023-07-24 00:00:00+00:00', '2024-05-31 23:00:00+00:00')",
M5_simgate,04745,clean_exkl_curt,0.0123983468870817,0.772908853275428,0.0593843589498041,0.0360841986268298,0.9815782899860652,0.0058773757778585,7408,"('2023-07-24 00:00:00+00:00', '2024-05-31 23:00:00+00:00')",0.0480561555075593
M5_simgate,05347,raw,0.2287311942484355,0.6215399337908634,0.1851300516894863,0.114914097466849,1.0718407562599228,0.0353627135871789,7511,"('2023-07-24 00:00:00+00:00', '2024-05-31 23:00:00+00:00')",
M5_simgate,05347,clean,0.2287311942484355,0.8385360430977372,0.1132910736951336,0.0759169740418947,0.9565166758001024,0.042250274199502,5793,"('2023-07-24 03:00:00+00:00', '2024-05-30 20:00:00+00:00')",
M5_simgate,05347,clean_exkl_curt,0.2287311942484355,0.8276849953970359,0.1136020481402794,0.0762672545285324,0.9507725564959784,0.0429558081928275,5793,"('2023-07-24 03:00:00+00:00', '2024-05-30 20:00:00+00:00')",0.0393578456758156
M5_simgate,05426,raw,0.1568157614483493,0.5834595662033168,0.1977364599435451,0.1243128131062431,1.1261740774002316,0.0359085562752661,7512,"('2023-07-24 00:00:00+00:00', '2024-05-31 23:00:00+00:00')",
M5_simgate,05426,clean,0.1568157614483493,0.7636495637013168,0.1448630513193304,0.0977495733428605,1.09478471985906,0.0345607101664607,6334,"('2023-07-24 04:00:00+00:00', '2024-05-31 18:00:00+00:00')",
M5_simgate,05426,clean_exkl_curt,0.1568157614483493,0.7530586888448847,0.1452964069649564,0.0980544717271623,1.094851122007434,0.0346701560013537,6334,"('2023-07-24 04:00:00+00:00', '2024-05-31 18:00:00+00:00')",0.046100410483107
M5_simgate,07374,raw,0.0234291799787007,0.6605067619121608,0.1220104110651017,0.0790770016966805,0.7965857370655859,0.0413750434407544,7512,"('2023-07-24 00:00:00+00:00', '2024-05-31 23:00:00+00:00')",
M5_simgate,07374,clean,0.0234291799787007,0.7153172797653307,0.1116181334297871,0.0748694554282407,0.7685788386789986,0.0472645801117622,7336,"('2023-07-24 00:00:00+00:00', '2024-05-31 23:00:00+00:00')",
M5_simgate,07374,clean_exkl_curt,0.0234291799787007,0.7106921220189779,0.1086666269482906,0.0728960367538119,0.7522094546741789,0.0480170120131105,7336,"('2023-07-24 00:00:00+00:00', '2024-05-31 23:00:00+00:00')",0.0464830970556161
M5_gate5,00198_1,raw,0.0955804046858359,0.4353414570757891,0.2064434810800632,0.1314845558115709,0.9810572796157108,0.0339899602831529,7512,"('2023-07-24 00:00:00+00:00', '2024-05-31 23:00:00+00:00')",
M5_gate5,00198_1,clean,0.0955804046858359,0.585328909907699,0.1733237357801362,0.1157903427508032,0.9386265208646796,0.0403220046802667,6794,"('2023-07-24 00:00:00+00:00', '2024-05-31 23:00:00+00:00')",
M5_gate5,00198_1,clean_exkl_curt,0.0955804046858359,0.5617651965750521,0.1731910357006596,0.1154686751691439,0.9286325427524864,0.0410226839391385,6794,"('2023-07-24 00:00:00+00:00', '2024-05-31 23:00:00+00:00')",0.0507801000883132
M5_gate5,00198_2,raw,0.2077281446971772,0.6977656835205674,0.184548429942836,0.1230089156928095,0.918552572639263,0.0496721201119464,3649,"('2023-12-31 23:00:00+00:00', '2024-05-31 23:00:00+00:00')",
M5_gate5,00198_2,clean,0.2077281446971772,0.8472918920151903,0.1289018120824093,0.0888320731987378,0.9025889303633092,0.0479200442244946,2891,"('2024-01-01 01:00:00+00:00', '2024-05-31 23:00:00+00:00')",
M5_gate5,00198_2,clean_exkl_curt,0.2077281446971772,0.8424884242487705,0.1296539891552331,0.0892673092204505,0.8990198649289046,0.0485631832997623,2891,"('2024-01-01 01:00:00+00:00', '2024-05-31 23:00:00+00:00')",0.0456589415427187
M5_gate5,00282,raw,0.1794462193823216,0.0253167719131053,0.3246167420702255,0.2080662564780986,1.107095539548941,0.0437338293696775,7512,"('2023-07-24 00:00:00+00:00', '2024-05-31 23:00:00+00:00')",
M5_gate5,00282,clean,0.1794462193823216,0.2526579173195432,0.2760827369552794,0.1714425384617847,1.1218852309617091,0.0542014909307958,6164,"('2023-07-24 00:00:00+00:00', '2024-05-31 23:00:00+00:00')",
M5_gate5,00282,clean_exkl_curt,0.1794462193823216,0.2440019359448998,0.2764750318971555,0.1723151692018133,1.124889410007677,0.0551698439699513,6164,"('2023-07-24 00:00:00+00:00', '2024-05-31 23:00:00+00:00')",0.0319597663854639
M5_gate5,00298,raw,0.1702609158679446,0.4837256775197225,0.237150435739261,0.1475647911976057,1.30201102276071,0.1064471017166486,7512,"('2023-07-24 00:00:00+00:00', '2024-05-31 23:00:00+00:00')",
M5_gate5,00298,clean,0.1702609158679446,0.7761010341654169,0.1535644855976384,0.1045589127363104,1.2152982211021408,0.0757417848878414,6233,"('2023-07-24 00:00:00+00:00', '2024-05-31 23:00:00+00:00')",
M5_gate5,00298,clean_exkl_curt,0.1702609158679446,0.7670012986250445,0.1547682230461567,0.1055744202056358,1.2237815413163964,0.0768247774158473,6233,"('2023-07-24 00:00:00+00:00', '2024-05-31 23:00:00+00:00')",0.0388256056473608
M5_gate5,01200_1,raw,0.1247337593184239,-0.3118086337568133,0.3342685059637063,0.2264177648157094,1.6497735169476289,0.1795589498991863,7512,"('2023-07-24 00:00:00+00:00', '2024-05-31 23:00:00+00:00')",
M5_gate5,01200_1,clean,0.1247337593184239,0.0668526032918839,0.2674216062291212,0.1891556857605935,1.6388578030142362,0.1740768467520465,6575,"('2023-07-24 00:00:00+00:00', '2024-05-31 23:00:00+00:00')",
M5_gate5,01200_1,clean_exkl_curt,0.1247337593184239,0.0120825353796536,0.2668657011537591,0.1883582505785632,1.6634490098367978,0.1738622497354208,6575,"('2023-07-24 00:00:00+00:00', '2024-05-31 23:00:00+00:00')",0.0384790874524714
M5_gate5,01200_2,raw,0.1447018104366347,0.4447014332109619,0.2168245707360982,0.1308757539140806,1.3007868011736143,0.0880599797244175,7512,"('2023-07-24 00:00:00+00:00', '2024-05-31 23:00:00+00:00')",
M5_gate5,01200_2,clean,0.1447018104366347,0.5939414598957307,0.1568001101140926,0.1010321376975263,1.333356942103816,0.0798700465621784,6425,"('2023-07-24 01:00:00+00:00', '2024-05-31 23:00:00+00:00')",
M5_gate5,01200_2,clean_exkl_curt,0.1447018104366347,0.5734304912150239,0.1562138584154092,0.100312068431316,1.3430681617068303,0.0794122775726688,6425,"('2023-07-24 01:00:00+00:00', '2024-05-31 23:00:00+00:00')",0.0333073929961089
M5_gate5,01303_1,raw,0.0655039275728931,0.670184639883698,0.1351566472390886,0.0912899271176784,1.2842399234930733,0.0622417915835433,7511,"('2023-07-24 00:00:00+00:00', '2024-05-31 23:00:00+00:00')",
M5_gate5,01303_1,clean,0.0655039275728931,0.7057022469277291,0.1177513086942329,0.0823810072509337,1.3001072279754475,0.0614336710708987,7019,"('2023-07-24 00:00:00+00:00', '2024-05-31 23:00:00+00:00')",
M5_gate5,01303_1,clean_exkl_curt,0.0655039275728931,0.6865496320997655,0.1163978328487204,0.0811653695758496,1.3076283572488137,0.0604024418777478,7019,"('2023-07-24 00:00:00+00:00', '2024-05-31 23:00:00+00:00')",0.0430260720900413
M5_gate5,01303_2,raw,0.0801491146318732,0.7822960065476636,0.1007084747742261,0.064949003711342,1.0303028391817384,0.0104163840108674,7511,"('2023-07-24 00:00:00+00:00', '2024-05-31 23:00:00+00:00')",
M5_gate5,01303_2,clean,0.0801491146318732,0.8482263151397065,0.0760167409072528,0.053600722924832,1.0162251902902195,0.0077963981713603,6909,"('2023-07-24 00:00:00+00:00', '2024-05-31 23:00:00+00:00')",
M5_gate5,01303_2,clean_exkl_curt,0.0801491146318732,0.8395404819288484,0.0749125469611751,0.0526433148370346,1.0137690046909404,0.0073222477309694,6909,"('2023-07-24 00:00:00+00:00', '2024-05-31 23:00:00+00:00')",0.0424084527427992
M5_gate5,02483,raw,0.1606762513312034,0.5244478362967981,0.2481225252048091,0.156641913762417,1.0627533321630145,0.0450693951683648,7512,"('2023-07-24 00:00:00+00:00', '2024-05-31 23:00:00+00:00')",
M5_gate5,02483,clean,0.1606762513312034,0.766300757695094,0.1772825942836881,0.1134352861726064,1.0646286148526591,0.0469750755306934,6305,"('2023-07-24 01:00:00+00:00', '2024-05-31 23:00:00+00:00')",
M5_gate5,02483,clean_exkl_curt,0.1606762513312034,0.772082638905462,0.1734491453020289,0.1125126864373062,1.0694940781594628,0.0471429876642675,6305,"('2023-07-24 01:00:00+00:00', '2024-05-31 23:00:00+00:00')",0.0485329103885804
M5_gate5,04745,raw,0.0123983468870817,0.7367141698778419,0.0719051573851217,0.0411586166852035,0.9969352751318444,0.0059562349834941,7501,"('2023-07-24 00:00:00+00:00', '2024-05-31 23:00:00+00:00')",
M5_gate5,04745,clean,0.0123983468870817,0.780602795077759,0.063616347802514,0.038548847694332,0.9799617348906156,0.0055265853230874,7408,"('2023-07-24 00:00:00+00:00', '2024-05-31 23:00:00+00:00')",
M5_gate5,04745,clean_exkl_curt,0.0123983468870817,0.772908853275428,0.0593843589498041,0.0360841986268298,0.9815782899860652,0.0058773757778585,7408,"('2023-07-24 00:00:00+00:00', '2024-05-31 23:00:00+00:00')",0.0480561555075593
M5_gate5,05347,raw,0.2781254160564506,-0.2310300553743156,0.333888314688887,0.2288420659229427,1.5200550567607998,0.1409477785424446,7511,"('2023-07-24 00:00:00+00:00', '2024-05-31 23:00:00+00:00')",
M5_gate5,05347,clean,0.2781254160564506,-0.0877920339833497,0.2869369395950247,0.1926209054684383,1.495015183185149,0.1297373375187976,5422,"('2023-07-24 00:00:00+00:00', '2024-05-30 20:00:00+00:00')",
M5_gate5,05347,clean_exkl_curt,0.2781254160564506,-0.0914852062710569,0.2781695452593076,0.1880372944543707,1.5397182440389083,0.1360534149380749,5422,"('2023-07-24 00:00:00+00:00', '2024-05-30 20:00:00+00:00')",0.0381777941718922
M5_gate5,05426,raw,0.1568157614483493,0.5834595662033168,0.1977364599435451,0.1243128131062431,1.1261740774002316,0.0359085562752661,7512,"('2023-07-24 00:00:00+00:00', '2024-05-31 23:00:00+00:00')",
M5_gate5,05426,clean,0.1568157614483493,0.7636495637013168,0.1448630513193304,0.0977495733428605,1.09478471985906,0.0345607101664607,6334,"('2023-07-24 04:00:00+00:00', '2024-05-31 18:00:00+00:00')",
M5_gate5,05426,clean_exkl_curt,0.1568157614483493,0.7530586888448847,0.1452964069649564,0.0980544717271623,1.094851122007434,0.0346701560013537,6334,"('2023-07-24 04:00:00+00:00', '2024-05-31 18:00:00+00:00')",0.046100410483107
M5_gate5,07374,raw,0.0319488817891373,0.6890932582564108,0.1167606208911688,0.070126344575406,1.063229809019022,0.0124832337336677,7512,"('2023-07-24 00:00:00+00:00', '2024-05-31 23:00:00+00:00')",
M5_gate5,07374,clean,0.0319488817891373,0.7628438553197544,0.1019394004375159,0.0648252179055505,1.0286928586126909,0.0076857610320702,7272,"('2023-07-24 00:00:00+00:00', '2024-05-31 23:00:00+00:00')",
M5_gate5,07374,clean_exkl_curt,0.0319488817891373,0.7654499808671523,0.0979135611845537,0.0624308984306617,1.0207926717233924,0.0061235469772759,7272,"('2023-07-24 00:00:00+00:00', '2024-05-31 23:00:00+00:00')",0.0468921892189218
M2_trbc,00198_1,raw,0.1211395101171458,0.1221498848367538,0.2574058467231631,0.1678913676035203,1.4046181141257257,0.1090572787148912,7512,"('2023-07-24 00:00:00+00:00', '2024-05-31 23:00:00+00:00')",
M2_trbc,00198_1,clean,0.1211395101171458,0.2992021116003523,0.2229607145114808,0.1500448782236832,1.370900966996451,0.1024755867807978,6602,"('2023-07-24 00:00:00+00:00', '2024-05-31 23:00:00+00:00')",
M2_trbc,00198_1,clean_exkl_curt,0.1211395101171458,0.2680838849551041,0.221677651627621,0.1486854219361805,1.3710813852045651,0.0993548330676311,6602,"('2023-07-24 00:00:00+00:00', '2024-05-31 23:00:00+00:00')",0.0501363223265677
M2_trbc,00198_2,raw,0.2162236229103864,0.4773451460387665,0.2426866919913356,0.1725910034095736,1.3854443930311986,0.1392671325742851,3649,"('2023-12-31 23:00:00+00:00', '2024-05-31 23:00:00+00:00')",
M2_trbc,00198_2,clean,0.2162236229103864,0.6154799373304221,0.2075292858006293,0.1496379235228719,1.378758326158944,0.1392217744899445,2860,"('2023-12-31 23:00:00+00:00', '2024-05-31 23:00:00+00:00')",
M2_trbc,00198_2,clean_exkl_curt,0.2162236229103864,0.6095978057863425,0.207494926111749,0.1498225491075216,1.3825680956656723,0.1392753296015882,2860,"('2023-12-31 23:00:00+00:00', '2024-05-31 23:00:00+00:00')",0.0402097902097902
M2_trbc,00282,raw,0.1805111821086261,0.5431466419827472,0.2222427380607929,0.1456314552221539,1.1227463702138776,0.0442197381887847,7512,"('2023-07-24 00:00:00+00:00', '2024-05-31 23:00:00+00:00')",
M2_trbc,00282,clean,0.1805111821086261,0.7905714500779202,0.1486701543175354,0.1055922622678705,1.053323370358531,0.0215997901161702,6156,"('2023-07-24 01:00:00+00:00', '2024-05-31 22:00:00+00:00')",
M2_trbc,00282,clean_exkl_curt,0.1805111821086261,0.7868490410925637,0.1490344133934976,0.1058428182333644,1.0532861221304868,0.0216221950705182,6156,"('2023-07-24 01:00:00+00:00', '2024-05-31 22:00:00+00:00')",0.0344379467186484
M2_trbc,00298,raw,0.1926251331203408,0.4149004770426355,0.2524634636916708,0.1604412402091987,1.2560394069699206,0.0902440629686861,7512,"('2023-07-24 00:00:00+00:00', '2024-05-31 23:00:00+00:00')",
M2_trbc,00298,clean,0.1926251331203408,0.7613842937875017,0.1589090360626877,0.1082877954701728,1.1684819832691564,0.0586141760348903,6065,"('2023-07-24 00:00:00+00:00', '2024-05-31 23:00:00+00:00')",
M2_trbc,00298,clean_exkl_curt,0.1926251331203408,0.7542190112091777,0.1591955301118854,0.1083738376781425,1.1716914064562698,0.0581738368596182,6065,"('2023-07-24 00:00:00+00:00', '2024-05-31 23:00:00+00:00')",0.040560593569662
M2_trbc,01200_1,raw,0.126730564430245,0.090684719992381,0.2783027272687495,0.1627807562391725,1.4699885522329634,0.1292254323116887,7512,"('2023-07-24 00:00:00+00:00', '2024-05-31 23:00:00+00:00')",
M2_trbc,01200_1,clean,0.126730564430245,0.6644295042143582,0.1636019931028587,0.1108753228406188,1.292180215378501,0.0826382222245679,6560,"('2023-07-24 00:00:00+00:00', '2024-05-31 23:00:00+00:00')",
M2_trbc,01200_1,clean_exkl_curt,0.126730564430245,0.6471676844141843,0.1622275928118658,0.10976949738584,1.297293732932289,0.0807218553398494,6560,"('2023-07-24 00:00:00+00:00', '2024-05-31 23:00:00+00:00')",0.0394817073170731
M2_trbc,01200_2,raw,0.1300585729499467,0.3621202293447733,0.2323885005165807,0.1527761576563725,1.469396196533492,0.1340931008846841,7512,"('2023-07-24 00:00:00+00:00', '2024-05-31 23:00:00+00:00')",
M2_trbc,01200_2,clean,0.1300585729499467,0.4765780514445857,0.1947346394499634,0.1328007646282933,1.465237805853448,0.1191677447429896,6535,"('2023-07-24 01:00:00+00:00', '2024-05-31 23:00:00+00:00')",
M2_trbc,01200_2,clean_exkl_curt,0.1300585729499467,0.4450853834475851,0.1943590777768499,0.1323282695683851,1.48062289647456,0.1184006175656619,6535,"('2023-07-24 01:00:00+00:00', '2024-05-31 23:00:00+00:00')",0.0365723029839326
M2_trbc,01303_1,raw,0.062308614032752,0.546572859391053,0.1584731633169344,0.1039717534225736,1.297630368550881,0.0672815513047856,7511,"('2023-07-24 00:00:00+00:00', '2024-05-31 23:00:00+00:00')",
M2_trbc,01303_1,clean,0.062308614032752,0.5696178137153329,0.1429725382092174,0.0957828895981355,1.3018457290067424,0.0652510373413212,7043,"('2023-07-24 00:00:00+00:00', '2024-05-31 23:00:00+00:00')",
M2_trbc,01303_1,clean_exkl_curt,0.062308614032752,0.5523153778005452,0.1401054104263326,0.0934258645080624,1.2983998926030846,0.0627563746463005,7043,"('2023-07-24 00:00:00+00:00', '2024-05-31 23:00:00+00:00')",0.0418855601306261
M2_trbc,01303_2,raw,0.0809479430169085,0.4181152082811998,0.1646460530446667,0.1082657794677134,1.3651026426982669,0.0782623187662758,7511,"('2023-07-24 00:00:00+00:00', '2024-05-31 23:00:00+00:00')",
M2_trbc,01303_2,clean,0.0809479430169085,0.4459366574016986,0.1475766870722021,0.0991552988675408,1.3669545922745745,0.0749446906475887,6903,"('2023-07-24 00:00:00+00:00', '2024-05-31 23:00:00+00:00')",
M2_trbc,01303_2,clean_exkl_curt,0.0809479430169085,0.427696522420168,0.1442080847593417,0.0963434094758533,1.3621516493611212,0.0721133433008818,6903,"('2023-07-24 00:00:00+00:00', '2024-05-31 23:00:00+00:00')",0.0412863972186006
M2_trbc,02483,raw,0.1958200212992545,0.5348088843085144,0.2454046668260594,0.1720288846138275,1.2800065160296898,0.1376591118079716,7512,"('2023-07-24 00:00:00+00:00', '2024-05-31 23:00:00+00:00')",
M2_trbc,02483,clean,0.1958200212992545,0.6991363494372991,0.2026158524735564,0.1470649815655693,1.2695808564329878,0.1362779952078419,6041,"('2023-07-24 01:00:00+00:00', '2024-05-31 23:00:00+00:00')",
M2_trbc,02483,clean_exkl_curt,0.1958200212992545,0.6847858956629863,0.2056305134194823,0.1500263390330676,1.2831002048892668,0.1391410698488408,6041,"('2023-07-24 01:00:00+00:00', '2024-05-31 23:00:00+00:00')",0.0508194007614633
M2_trbc,04745,raw,0.0202639648046927,0.4948757074522087,0.0995968093325067,0.0573016636996234,1.3308628807650669,0.0358381817369609,7501,"('2023-07-24 00:00:00+00:00', '2024-05-31 23:00:00+00:00')",
M2_trbc,04745,clean,0.0202639648046927,0.5284959773421373,0.093687063877655,0.055266220005003,1.3225846565047843,0.0350472810880875,7349,"('2023-07-24 00:00:00+00:00', '2024-05-31 23:00:00+00:00')",
M2_trbc,04745,clean_exkl_curt,0.0202639648046927,0.4942354157902698,0.0892897377224733,0.0525282447275748,1.3256809242364278,0.0329377645977173,7349,"('2023-07-24 00:00:00+00:00', '2024-05-31 23:00:00+00:00')",0.0485780378282759
M2_trbc,05347,raw,0.3074157901744109,0.0438369033189351,0.2942611181429113,0.2179699757870227,1.7471111234467651,0.2024072819557555,7511,"('2023-07-24 00:00:00+00:00', '2024-05-31 23:00:00+00:00')",
M2_trbc,05347,clean,0.3074157901744109,0.1785835458100078,0.254385722883418,0.1929269509378347,1.6555032647355197,0.1876777598118292,5202,"('2023-07-24 00:00:00+00:00', '2024-05-30 09:00:00+00:00')",
M2_trbc,05347,clean_exkl_curt,0.3074157901744109,0.1126774236482004,0.2565311650016288,0.1953455352075641,1.6876098619906523,0.19014433620034,5202,"('2023-07-24 00:00:00+00:00', '2024-05-30 09:00:00+00:00')",0.038638985005767
M2_trbc,05426,raw,0.1745207667731629,0.528398499945832,0.2104000124475906,0.1372962614363519,1.2545904921757471,0.0719140038499348,7512,"('2023-07-24 00:00:00+00:00', '2024-05-31 23:00:00+00:00')",
M2_trbc,05426,clean,0.1745207667731629,0.7164796244221117,0.1586132975529523,0.1100723207070558,1.2156290770527225,0.063890818773444,6201,"('2023-07-24 04:00:00+00:00', '2024-05-31 18:00:00+00:00')",
M2_trbc,05426,clean_exkl_curt,0.1745207667731629,0.7067636476283858,0.158324167302417,0.1099144245960531,1.2187799444374374,0.063334526945154,6201,"('2023-07-24 04:00:00+00:00', '2024-05-31 18:00:00+00:00')",0.045315271730366
M2_trbc,07374,raw,0.0322151224707135,0.5541564132675514,0.1398210592662058,0.0862148109405793,1.0757022027771452,0.0296474146259365,7512,"('2023-07-24 00:00:00+00:00', '2024-05-31 23:00:00+00:00')",
M2_trbc,07374,clean,0.0322151224707135,0.6325806047933465,0.1269333021193337,0.0814267726068213,1.0401726056088336,0.0314672144444395,7270,"('2023-07-24 00:00:00+00:00', '2024-05-31 23:00:00+00:00')",
M2_trbc,07374,clean_exkl_curt,0.0322151224707135,0.6394088982122739,0.1215306990690723,0.0781433765720768,1.0161371170679177,0.0290001145637664,7270,"('2023-07-24 00:00:00+00:00', '2024-05-31 23:00:00+00:00')",0.046767537826685
M3_trbc,00198_1,raw,0.1194089456869009,0.0909453845747307,0.2619408365113903,0.1701812854404894,1.3711452145105003,0.1000352818855577,7512,"('2023-07-24 00:00:00+00:00', '2024-05-31 23:00:00+00:00')",
M3_trbc,00198_1,clean,0.1194089456869009,0.2428971747783497,0.2320222440437627,0.1541210924563299,1.3417714855552103,0.0943473810861689,6615,"('2023-07-24 00:00:00+00:00', '2024-05-31 23:00:00+00:00')",
M3_trbc,00198_1,clean_exkl_curt,0.1194089456869009,0.2122635554374202,0.2304355769441298,0.1526347029212889,1.337983988759273,0.09048359944949,6615,"('2023-07-24 00:00:00+00:00', '2024-05-31 23:00:00+00:00')",0.0503401360544217
M3_trbc,00198_2,raw,0.2406138668128254,0.5424127584305587,0.2270781886889704,0.1588032547188831,1.2907774699540386,0.1050624816182668,3649,"('2023-12-31 23:00:00+00:00', '2024-05-31 23:00:00+00:00')",
M3_trbc,00198_2,clean,0.2406138668128254,0.6985697872487051,0.17830313238839,0.1271016062782977,1.2919221565484575,0.1004081606611459,2771,"('2023-12-31 23:00:00+00:00', '2024-05-31 23:00:00+00:00')",
M3_trbc,00198_2,clean_exkl_curt,0.2406138668128254,0.6973040832747115,0.1771134864343805,0.1264332378298517,1.2910199942947196,0.0990867363638049,2771,"('2023-12-31 23:00:00+00:00', '2024-05-31 23:00:00+00:00')",0.0400577408877661
M3_trbc,00282,raw,0.1775825346112886,0.5120219540370288,0.2296885309423737,0.1512561599530517,1.0471472569839957,0.0289170402637779,7512,"('2023-07-24 00:00:00+00:00', '2024-05-31 23:00:00+00:00')",
M3_trbc,00282,clean,0.1775825346112886,0.735885795354483,0.1649578468367741,0.1157475689691696,0.9646461602399464,0.0258831960893494,6178,"('2023-07-24 01:00:00+00:00', '2024-05-31 22:00:00+00:00')",
M3_trbc,00282,clean_exkl_curt,0.1775825346112886,0.7341547942921521,0.1646797405259608,0.115639494109451,0.9621496267200464,0.0259798259827432,6178,"('2023-07-24 01:00:00+00:00', '2024-05-31 22:00:00+00:00')",0.0336678536743282
M3_trbc,00298,raw,0.1928913738019169,0.4148838782334091,0.2524670447603484,0.160493476640767,1.2563098064702547,0.0903393672886666,7512,"('2023-07-24 00:00:00+00:00', '2024-05-31 23:00:00+00:00')",
M3_trbc,00298,clean,0.1928913738019169,0.7612855642142757,0.1589360759549399,0.1083516369294265,1.168670098686425,0.0586830874926354,6063,"('2023-07-24 00:00:00+00:00', '2024-05-31 23:00:00+00:00')",
M3_trbc,00298,clean_exkl_curt,0.1928913738019169,0.754115721399982,0.1592237611010308,0.1084404085655194,1.1718928111963005,0.0582449977753251,6063,"('2023-07-24 00:00:00+00:00', '2024-05-31 23:00:00+00:00')",0.0405739732805541
M3_trbc,01200_1,raw,0.1277955271565495,0.0949380140071779,0.2776510881833421,0.1621221103007666,1.4673327895187347,0.1284805829680947,7512,"('2023-07-24 00:00:00+00:00', '2024-05-31 23:00:00+00:00')",
M3_trbc,01200_1,clean,0.1277955271565495,0.670732022370306,0.1620517726521824,0.1099382336637334,1.2891307425894143,0.0816754348586978,6552,"('2023-07-24 00:00:00+00:00', '2024-05-31 23:00:00+00:00')",
M3_trbc,01200_1,clean_exkl_curt,0.1277955271565495,0.653758639193418,0.1607278338983111,0.1088503013846915,1.2941681728943646,0.0797851730134505,6552,"('2023-07-24 00:00:00+00:00', '2024-05-31 23:00:00+00:00')",0.0392246642246642
M3_trbc,01200_2,raw,0.1327209797657081,0.3789467058647108,0.2293029562354155,0.1504897012952219,1.4624336016147723,0.132103812346625,7512,"('2023-07-24 00:00:00+00:00', '2024-05-31 23:00:00+00:00')",
M3_trbc,01200_2,clean,0.1327209797657081,0.5032853499184764,0.1890320532435697,0.1293834835231603,1.4541663573146122,0.1157759474851973,6515,"('2023-07-24 01:00:00+00:00', '2024-05-31 23:00:00+00:00')",
M3_trbc,01200_2,clean_exkl_curt,0.1327209797657081,0.4731041709556542,0.1886276180056453,0.1289080760469265,1.4692390875746244,0.1150491456441914,6515,"('2023-07-24 01:00:00+00:00', '2024-05-31 23:00:00+00:00')",0.0363775901765157
M3_trbc,01303_1,raw,0.0589801624284382,0.5891463512451869,0.1508500801305666,0.0978164646741529,1.2662849647394685,0.0585650519114729,7511,"('2023-07-24 00:00:00+00:00', '2024-05-31 23:00:00+00:00')",
M3_trbc,01303_1,clean,0.0589801624284382,0.6176039192213165,0.1353418825666913,0.0900528584614977,1.2648829125889245,0.0558016491511504,7068,"('2023-07-24 00:00:00+00:00', '2024-05-31 23:00:00+00:00')",
M3_trbc,01303_1,clean_exkl_curt,0.0589801624284382,0.6073006582838969,0.1317701331561457,0.0873562635033167,1.2592040444397778,0.0528277259131352,7068,"('2023-07-24 00:00:00+00:00', '2024-05-31 23:00:00+00:00')",0.0424448217317487
M3_trbc,01303_2,raw,0.082279323658634,0.4779737103582891,0.1559477123496427,0.1009981114976682,1.327307638229564,0.0678080916453509,7511,"('2023-07-24 00:00:00+00:00', '2024-05-31 23:00:00+00:00')",
M3_trbc,01303_2,clean,0.082279323658634,0.5099627322055238,0.1381393522660275,0.091742160063547,1.3260481696160245,0.0644756892843017,6893,"('2023-07-24 00:00:00+00:00', '2024-05-31 23:00:00+00:00')",
M3_trbc,01303_2,clean_exkl_curt,0.082279323658634,0.4993426683629084,0.1343638215813059,0.0887452761284371,1.3194250638980762,0.0614387639554629,6893,"('2023-07-24 00:00:00+00:00', '2024-05-31 23:00:00+00:00')",0.0410561439141157
M3_trbc,02483,raw,0.1988817891373802,0.5718698442199519,0.2354263236628187,0.1626045207666099,1.2410538383659195,0.1193418396074278,7512,"('2023-07-24 00:00:00+00:00', '2024-05-31 23:00:00+00:00')",
M3_trbc,02483,clean,0.1988817891373802,0.7845275962770509,0.1723711150230729,0.1241528262227975,1.206493759763381,0.1067776628071912,6018,"('2023-07-24 01:00:00+00:00', '2024-05-31 23:00:00+00:00')",
M3_trbc,02483,clean_exkl_curt,0.1988817891373802,0.7760695299448385,0.1743693717682837,0.1260184332780105,1.21560413747674,0.1082539476683871,6018,"('2023-07-24 01:00:00+00:00', '2024-05-31 23:00:00+00:00')",0.0510136257892987
M3_trbc,04745,raw,0.0218637514998,0.5685211611859975,0.0920504781390018,0.0525658301946068,1.2685193216268251,0.028933952789269,7501,"('2023-07-24 00:00:00+00:00', '2024-05-31 23:00:00+00:00')",
M3_trbc,04745,clean,0.0218637514998,0.6141177350881416,0.0843365733879773,0.049947395000662,1.2567095785794231,0.027433641836474,7337,"('2023-07-24 00:00:00+00:00', '2024-05-31 23:00:00+00:00')",
M3_trbc,04745,clean_exkl_curt,0.0218637514998,0.5952462866823487,0.0793565128410256,0.0472232253046955,1.2569310792381154,0.0253381482558184,7337,"('2023-07-24 00:00:00+00:00', '2024-05-31 23:00:00+00:00')",0.0485211939484803
M3_trbc,05347,raw,0.309146585008654,0.1371611859616943,0.2795321265902238,0.2034257947666753,1.688200348046752,0.1864471797000001,7511,"('2023-07-24 00:00:00+00:00', '2024-05-31 23:00:00+00:00')",
M3_trbc,05347,clean,0.309146585008654,0.2986033722945607,0.2348203620421716,0.1757090574127559,1.5920841328591668,0.1683452650193095,5189,"('2023-07-24 00:00:00+00:00', '2024-05-30 09:00:00+00:00')",
M3_trbc,05347,clean_exkl_curt,0.309146585008654,0.2540368020318503,0.2357708213045295,0.176894722085103,1.6162270578835611,0.1694914449366056,5189,"('2023-07-24 00:00:00+00:00', '2024-05-30 09:00:00+00:00')",0.0387357872422432
M3_trbc,05426,raw,0.1755857294994675,0.4459487182578795,0.2280516160917435,0.1497260294469724,1.2697024302624305,0.0761730303506773,7512,"('2023-07-24 00:00:00+00:00', '2024-05-31 23:00:00+00:00')",
M3_trbc,05426,clean,0.1755857294994675,0.6232309039846655,0.1818120246829112,0.1244635549053194,1.2471289580158635,0.0720498439440546,6193,"('2023-07-24 04:00:00+00:00', '2024-05-31 18:00:00+00:00')",
M3_trbc,05426,clean_exkl_curt,0.1755857294994675,0.6072188807918475,0.1820986491867443,0.1243971547663117,1.2504473605805275,0.071279836745343,6193,"('2023-07-24 04:00:00+00:00', '2024-05-31 18:00:00+00:00')",0.0448893912481834
M3_trbc,07374,raw,0.0330138445154419,0.568480984237471,0.1375565564519368,0.0845062288779562,1.057693037577036,0.0259028223903339,7512,"('2023-07-24 00:00:00+00:00', '2024-05-31 23:00:00+00:00')",
M3_trbc,07374,clean,0.0330138445154419,0.6461073766554124,0.124662522035857,0.0798708028944504,1.0223713570919553,0.0279751707406563,7264,"('2023-07-24 00:00:00+00:00', '2024-05-31 23:00:00+00:00')",
M3_trbc,07374,clean_exkl_curt,0.0330138445154419,0.6532873373333311,0.1192661635069734,0.0766856899069253,0.9975992638864154,0.025659265661785,7264,"('2023-07-24 00:00:00+00:00', '2024-05-31 23:00:00+00:00')",0.046806167400881
M4_trbc,00198_1,raw,0.1194089456869009,0.0909453845747307,0.2619408365113903,0.1701812854404894,1.3711452145105003,0.1000352818855577,7512,"('2023-07-24 00:00:00+00:00', '2024-05-31 23:00:00+00:00')",
M4_trbc,00198_1,clean,0.1194089456869009,0.2428971747783497,0.2320222440437627,0.1541210924563299,1.3417714855552103,0.0943473810861689,6615,"('2023-07-24 00:00:00+00:00', '2024-05-31 23:00:00+00:00')",
M4_trbc,00198_1,clean_exkl_curt,0.1194089456869009,0.2122635554374202,0.2304355769441298,0.1526347029212889,1.337983988759273,0.09048359944949,6615,"('2023-07-24 00:00:00+00:00', '2024-05-31 23:00:00+00:00')",0.0503401360544217
M4_trbc,00198_2,raw,0.2406138668128254,0.5424127584305587,0.2270781886889704,0.1588032547188831,1.2907774699540386,0.1050624816182668,3649,"('2023-12-31 23:00:00+00:00', '2024-05-31 23:00:00+00:00')",
M4_trbc,00198_2,clean,0.2406138668128254,0.6985697872487051,0.17830313238839,0.1271016062782977,1.2919221565484575,0.1004081606611459,2771,"('2023-12-31 23:00:00+00:00', '2024-05-31 23:00:00+00:00')",
M4_trbc,00198_2,clean_exkl_curt,0.2406138668128254,0.6973040832747115,0.1771134864343805,0.1264332378298517,1.2910199942947196,0.0990867363638049,2771,"('2023-12-31 23:00:00+00:00', '2024-05-31 23:00:00+00:00')",0.0400577408877661
M4_trbc,00282,raw,0.1775825346112886,0.5087884138712337,0.2304482790362913,0.1519311167099856,1.0635726339764326,0.0297742697659891,7512,"('2023-07-24 00:00:00+00:00', '2024-05-31 23:00:00+00:00')",
M4_trbc,00282,clean,0.1775825346112886,0.7356394073631909,0.1650347721919472,0.116084634459576,0.9819800971002725,0.0237257225360247,6178,"('2023-07-24 01:00:00+00:00', '2024-05-31 22:00:00+00:00')",
M4_trbc,00282,clean_exkl_curt,0.1775825346112886,0.733991124543258,0.1647304259323657,0.1159383189546102,0.9795591206546512,0.0239153898622327,6178,"('2023-07-24 01:00:00+00:00', '2024-05-31 22:00:00+00:00')",0.0336678536743282
M4_trbc,00298,raw,0.1928913738019169,0.3989140778177408,0.2558891917621092,0.1633625700318174,1.274340604566515,0.0966944565145913,7512,"('2023-07-24 00:00:00+00:00', '2024-05-31 23:00:00+00:00')",
M4_trbc,00298,clean,0.1928913738019169,0.7451559152488585,0.1642178733455861,0.1117274891300958,1.1878209350791091,0.0652558173175098,6063,"('2023-07-24 00:00:00+00:00', '2024-05-31 23:00:00+00:00')",
M4_trbc,00298,clean_exkl_curt,0.1928913738019169,0.7375332498921029,0.1645052052838191,0.1117977852944906,1.1915443961599097,0.0648049075741377,6063,"('2023-07-24 00:00:00+00:00', '2024-05-31 23:00:00+00:00')",0.0405739732805541
M4_trbc,01200_1,raw,0.1277955271565495,0.0949380140071779,0.2776510881833421,0.1621221103007666,1.4673327895187347,0.1284805829680947,7512,"('2023-07-24 00:00:00+00:00', '2024-05-31 23:00:00+00:00')",
M4_trbc,01200_1,clean,0.1277955271565495,0.670732022370306,0.1620517726521824,0.1099382336637334,1.2891307425894143,0.0816754348586978,6552,"('2023-07-24 00:00:00+00:00', '2024-05-31 23:00:00+00:00')",
M4_trbc,01200_1,clean_exkl_curt,0.1277955271565495,0.653758639193418,0.1607278338983111,0.1088503013846915,1.2941681728943646,0.0797851730134505,6552,"('2023-07-24 00:00:00+00:00', '2024-05-31 23:00:00+00:00')",0.0392246642246642
M4_trbc,01200_2,raw,0.1327209797657081,0.3789467058647108,0.2293029562354155,0.1504897012952219,1.4624336016147723,0.132103812346625,7512,"('2023-07-24 00:00:00+00:00', '2024-05-31 23:00:00+00:00')",
M4_trbc,01200_2,clean,0.1327209797657081,0.5032853499184764,0.1890320532435697,0.1293834835231603,1.4541663573146122,0.1157759474851973,6515,"('2023-07-24 01:00:00+00:00', '2024-05-31 23:00:00+00:00')",
M4_trbc,01200_2,clean_exkl_curt,0.1327209797657081,0.4731041709556542,0.1886276180056453,0.1289080760469265,1.4692390875746244,0.1150491456441914,6515,"('2023-07-24 01:00:00+00:00', '2024-05-31 23:00:00+00:00')",0.0363775901765157
M4_trbc,01303_1,raw,0.0589801624284382,0.5716794960875814,0.1540232926981878,0.1000351083801235,1.2834666099086591,0.0622149404873912,7511,"('2023-07-24 00:00:00+00:00', '2024-05-31 23:00:00+00:00')",
M4_trbc,01303_1,clean,0.0589801624284382,0.5975943855446869,0.1388377326389009,0.0923807159254947,1.2833059478148685,0.0592720477606193,7068,"('2023-07-24 00:00:00+00:00', '2024-05-31 23:00:00+00:00')",
M4_trbc,01303_1,clean_exkl_curt,0.0589801624284382,0.58652996820631,0.135210032414338,0.0896210979852484,1.278140244201732,0.0562084740890515,7068,"('2023-07-24 00:00:00+00:00', '2024-05-31 23:00:00+00:00')",0.0424448217317487
M4_trbc,01303_2,raw,0.082279323658634,0.4779737103582891,0.1559477123496427,0.1009981114976682,1.327307638229564,0.0678080916453509,7511,"('2023-07-24 00:00:00+00:00', '2024-05-31 23:00:00+00:00')",
M4_trbc,01303_2,clean,0.082279323658634,0.5099627322055238,0.1381393522660275,0.091742160063547,1.3260481696160245,0.0644756892843017,6893,"('2023-07-24 00:00:00+00:00', '2024-05-31 23:00:00+00:00')",
M4_trbc,01303_2,clean_exkl_curt,0.082279323658634,0.4993426683629084,0.1343638215813059,0.0887452761284371,1.3194250638980762,0.0614387639554629,6893,"('2023-07-24 00:00:00+00:00', '2024-05-31 23:00:00+00:00')",0.0410561439141157
M4_trbc,02483,raw,0.1988817891373802,0.5561792709411635,0.2397015832997026,0.1662330122654459,1.2551302020221764,0.1256901854735249,7512,"('2023-07-24 00:00:00+00:00', '2024-05-31 23:00:00+00:00')",
M4_trbc,02483,clean,0.1988817891373802,0.7684132405743066,0.1787004003951909,0.1288748084739385,1.2211975117707037,0.1132999420603678,6018,"('2023-07-24 01:00:00+00:00', '2024-05-31 23:00:00+00:00')",
M4_trbc,02483,clean_exkl_curt,0.1988817891373802,0.759362164931264,0.1807571823225929,0.1308028531802968,1.2307827663736142,0.1148796487241376,6018,"('2023-07-24 01:00:00+00:00', '2024-05-31 23:00:00+00:00')",0.0510136257892987
M4_trbc,04745,raw,0.0218637514998,0.5685211611859975,0.0920504781390018,0.0525658301946068,1.2685193216268251,0.028933952789269,7501,"('2023-07-24 00:00:00+00:00', '2024-05-31 23:00:00+00:00')",
M4_trbc,04745,clean,0.0218637514998,0.6141177350881416,0.0843365733879773,0.049947395000662,1.2567095785794231,0.027433641836474,7337,"('2023-07-24 00:00:00+00:00', '2024-05-31 23:00:00+00:00')",
M4_trbc,04745,clean_exkl_curt,0.0218637514998,0.5952462866823487,0.0793565128410256,0.0472232253046955,1.2569310792381154,0.0253381482558184,7337,"('2023-07-24 00:00:00+00:00', '2024-05-31 23:00:00+00:00')",0.0485211939484803
M4_trbc,05347,raw,0.309146585008654,0.1371611859616943,0.2795321265902238,0.2034257947666753,1.688200348046752,0.1864471797000001,7511,"('2023-07-24 00:00:00+00:00', '2024-05-31 23:00:00+00:00')",
M4_trbc,05347,clean,0.309146585008654,0.2986033722945607,0.2348203620421716,0.1757090574127559,1.5920841328591668,0.1683452650193095,5189,"('2023-07-24 00:00:00+00:00', '2024-05-30 09:00:00+00:00')",
M4_trbc,05347,clean_exkl_curt,0.309146585008654,0.2540368020318503,0.2357708213045295,0.176894722085103,1.6162270578835611,0.1694914449366056,5189,"('2023-07-24 00:00:00+00:00', '2024-05-30 09:00:00+00:00')",0.0387357872422432
M4_trbc,05426,raw,0.1755857294994675,0.4459487182578795,0.2280516160917435,0.1497260294469724,1.2697024302624305,0.0761730303506773,7512,"('2023-07-24 00:00:00+00:00', '2024-05-31 23:00:00+00:00')",
M4_trbc,05426,clean,0.1755857294994675,0.6232309039846655,0.1818120246829112,0.1244635549053194,1.2471289580158635,0.0720498439440546,6193,"('2023-07-24 04:00:00+00:00', '2024-05-31 18:00:00+00:00')",
M4_trbc,05426,clean_exkl_curt,0.1755857294994675,0.6072188807918475,0.1820986491867443,0.1243971547663117,1.2504473605805275,0.071279836745343,6193,"('2023-07-24 04:00:00+00:00', '2024-05-31 18:00:00+00:00')",0.0448893912481834
M4_trbc,07374,raw,0.0330138445154419,0.5785345159998574,0.1359447163575544,0.0835274859275868,1.039660988041569,0.0248102567081462,7512,"('2023-07-24 00:00:00+00:00', '2024-05-31 23:00:00+00:00')",
M4_trbc,07374,clean,0.0330138445154419,0.6545685577987195,0.1231632347460575,0.0789648120557785,1.0048220736099824,0.0274242501636434,7264,"('2023-07-24 00:00:00+00:00', '2024-05-31 23:00:00+00:00')",
M4_trbc,07374,clean_exkl_curt,0.0330138445154419,0.6607551156614343,0.1179747461093648,0.075905882712377,0.980011352731952,0.0255699663670494,7264,"('2023-07-24 00:00:00+00:00', '2024-05-31 23:00:00+00:00')",0.046806167400881
M2_trbc10,00198_1,raw,0.0990415335463258,0.4782948871779827,0.1984361390812318,0.1243071455499167,1.0605424106134724,0.0170255537803061,7512,"('2023-07-24 00:00:00+00:00', '2024-05-31 23:00:00+00:00')",
M2_trbc10,00198_1,clean,0.0990415335463258,0.6325471593914396,0.1639564401324039,0.1079068938656086,1.018661888186326,0.0163420311059957,6768,"('2023-07-24 00:00:00+00:00', '2024-05-31 23:00:00+00:00')",
M2_trbc10,00198_1,clean_exkl_curt,0.0990415335463258,0.6139698069994834,0.163531792475608,0.1072890866388495,1.01281530689192,0.0162661781798663,6768,"('2023-07-24 00:00:00+00:00', '2024-05-31 23:00:00+00:00')",0.0503841607565011
M2_trbc10,00198_2,raw,0.1890929021649766,0.746544909683475,0.1690008842070091,0.1149247292490157,1.0411861248901202,0.02100342365509,3649,"('2023-12-31 23:00:00+00:00', '2024-05-31 23:00:00+00:00')",
M2_trbc10,00198_2,clean,0.1890929021649766,0.8739348578224488,0.1175358588140744,0.0851591103155627,1.0354497582391693,0.0233675515276091,2959,"('2023-12-31 23:00:00+00:00', '2024-05-31 23:00:00+00:00')",
M2_trbc10,00198_2,clean_exkl_curt,0.1890929021649766,0.8705408047098082,0.1180925496854273,0.0856159522514481,1.0363439798697611,0.0232272013563235,2959,"('2023-12-31 23:00:00+00:00', '2024-05-31 23:00:00+00:00')",0.0432578573842514
M2_trbc10,00282,raw,0.1572151224707135,0.6084264178170185,0.2057528503449654,0.1318830424704813,0.9331766666762348,0.0270706703918148,7512,"('2023-07-24 00:00:00+00:00', '2024-05-31 23:00:00+00:00')",
M2_trbc10,00282,clean,0.1572151224707135,0.810934308252425,0.1424558742328929,0.0972068568344662,0.8644690375276073,0.0481794822893699,6331,"('2023-07-24 00:00:00+00:00', '2024-05-31 23:00:00+00:00')",
M2_trbc10,00282,clean_exkl_curt,0.1572151224707135,0.8080117763754626,0.1426312755974222,0.0975314261171479,0.864005578687519,0.0480458724100737,6331,"('2023-07-24 00:00:00+00:00', '2024-05-31 23:00:00+00:00')",0.0360132680461222
M2_trbc10,00298,raw,0.1751863684771033,0.4969138001950987,0.2341018611397371,0.1449027175184034,1.268233293670735,0.0945418892535117,7512,"('2023-07-24 00:00:00+00:00', '2024-05-31 23:00:00+00:00')",
M2_trbc10,00298,clean,0.1751863684771033,0.7950134032015514,0.1472037093830511,0.1001894875531089,1.1859080809395983,0.0654158997660302,6196,"('2023-07-24 00:00:00+00:00', '2024-05-31 23:00:00+00:00')",
M2_trbc10,00298,clean_exkl_curt,0.1751863684771033,0.7867823314785007,0.1483565966773602,0.1011486024413089,1.1934523696781312,0.0664279054775657,6196,"('2023-07-24 00:00:00+00:00', '2024-05-31 23:00:00+00:00')",0.03921885087153
M2_trbc10,01200_1,raw,0.1228700745473908,0.0829822849146503,0.2794789355948465,0.169561062381686,1.5354764251439073,0.1472003388562072,7512,"('2023-07-24 00:00:00+00:00', '2024-05-31 23:00:00+00:00')",
M2_trbc10,01200_1,clean,0.1228700745473908,0.6200350316338512,0.1737127663692741,0.1216606713625406,1.37734951441815,0.1058833899789157,6589,"('2023-07-24 00:00:00+00:00', '2024-05-31 23:00:00+00:00')",
M2_trbc10,01200_1,clean_exkl_curt,0.1228700745473908,0.5952288472947302,0.1738083891926965,0.1216625115197716,1.3921580179734645,0.1056648078936728,6589,"('2023-07-24 00:00:00+00:00', '2024-05-31 23:00:00+00:00')",0.0403703141599635
M2_trbc10,01200_2,raw,0.1285942492012779,0.3563794623177603,0.2334318789981173,0.1564266791002602,1.4938744035158271,0.1410905702230968,7512,"('2023-07-24 00:00:00+00:00', '2024-05-31 23:00:00+00:00')",
M2_trbc10,01200_2,clean,0.1285942492012779,0.430807626026462,0.1993820874742165,0.1390451307026548,1.5166251982396284,0.12990325848687,6546,"('2023-07-24 01:00:00+00:00', '2024-05-31 23:00:00+00:00')",
M2_trbc10,01200_2,clean_exkl_curt,0.1285942492012779,0.3938892372324027,0.1994964745988829,0.139119932297045,1.5368973247672986,0.1299885942520209,6546,"('2023-07-24 01:00:00+00:00', '2024-05-31 23:00:00+00:00')",0.0355942560342193
M2_trbc10,01303_1,raw,0.0577819198508853,0.6246575652874855,0.1441835799505041,0.09729999753135,1.2895293490225788,0.0640083636556263,7511,"('2023-07-24 00:00:00+00:00', '2024-05-31 23:00:00+00:00')",
M2_trbc10,01303_1,clean,0.0577819198508853,0.6470665667121298,0.1302879026310359,0.0900042589264823,1.30400233890703,0.0641894095117968,7077,"('2023-07-24 00:00:00+00:00', '2024-05-31 23:00:00+00:00')",
M2_trbc10,01303_1,clean_exkl_curt,0.0577819198508853,0.6246191349349289,0.1287470385554334,0.0885756317534179,1.3091640365178598,0.0628461654197129,7077,"('2023-07-24 00:00:00+00:00', '2024-05-31 23:00:00+00:00')",0.0433799632612688
M2_trbc10,01303_2,raw,0.0804153907602183,0.5793209321455778,0.1399936291894377,0.0939457775172122,1.300910804144526,0.0646324545893966,7511,"('2023-07-24 00:00:00+00:00', '2024-05-31 23:00:00+00:00')",
M2_trbc10,01303_2,clean,0.0804153907602183,0.5936692182570831,0.1236181899375871,0.085135897389258,1.3165223131872106,0.0634969029617426,6907,"('2023-07-24 00:00:00+00:00', '2024-05-31 23:00:00+00:00')",
M2_trbc10,01303_2,clean_exkl_curt,0.0804153907602183,0.5782592187726927,0.121501826111596,0.0832772943500216,1.317324872136035,0.0618260227970229,6907,"('2023-07-24 00:00:00+00:00', '2024-05-31 23:00:00+00:00')",0.0414072679889966
M2_trbc10,02483,raw,0.187566560170394,0.7125903758855407,0.1928935761595496,0.1302522812497276,0.8771685751830238,0.0569528124496018,7512,"('2023-07-24 00:00:00+00:00', '2024-05-31 23:00:00+00:00')",
M2_trbc10,02483,clean,0.187566560170394,0.8813749948019028,0.1277613786018069,0.092681679940154,0.8616406512892725,0.0632679029715681,6103,"('2023-07-24 00:00:00+00:00', '2024-05-31 23:00:00+00:00')",
M2_trbc10,02483,clean_exkl_curt,0.187566560170394,0.8765437039172091,0.1290925598504105,0.0936801297300142,0.8571673937334175,0.0640214084202639,6103,"('2023-07-24 00:00:00+00:00', '2024-05-31 23:00:00+00:00')",0.0517778141897427
M2_trbc10,04745,raw,0.0175976536461804,0.1988549089228598,0.1254301339401236,0.0766650346652735,1.5909723916582494,0.0638380230254182,7501,"('2023-07-24 00:00:00+00:00', '2024-05-31 23:00:00+00:00')",
M2_trbc10,04745,clean,0.0175976536461804,0.2341664779814656,0.1191579473415077,0.0743910249555351,1.5807596733754483,0.0622268830278495,7369,"('2023-07-24 00:00:00+00:00', '2024-05-31 23:00:00+00:00')",
M2_trbc10,04745,clean_exkl_curt,0.0175976536461804,0.170287789959269,0.1143196169026513,0.07111949015505,1.6012498590661577,0.0595692449866406,7369,"('2023-07-24 00:00:00+00:00', '2024-05-31 23:00:00+00:00')",0.0480390826435065
M2_trbc10,05347,raw,0.2604180535215018,0.1188640702456786,0.2824804180127908,0.1992684933382296,1.6712085965160135,0.1818437758219565,7511,"('2023-07-24 00:00:00+00:00', '2024-05-31 23:00:00+00:00')",
M2_trbc10,05347,clean,0.2604180535215018,0.3354280866653221,0.2364585055004332,0.1695966005926495,1.5687715120260517,0.1626159731825244,5555,"('2023-07-24 00:00:00+00:00', '2024-05-30 15:00:00+00:00')",
M2_trbc10,05347,clean_exkl_curt,0.2604180535215018,0.2864775337019645,0.2378287710539963,0.1710519347832222,1.5954527023310592,0.1641580778867551,5555,"('2023-07-24 00:00:00+00:00', '2024-05-30 15:00:00+00:00')",0.041044104410441
M2_trbc10,05426,raw,0.152555910543131,0.6717626610992367,0.1755303277678985,0.1097107583434867,1.086517065345726,0.0246385812158268,7512,"('2023-07-24 00:00:00+00:00', '2024-05-31 23:00:00+00:00')",
M2_trbc10,05426,clean,0.152555910543131,0.8410903344432642,0.1204596580176753,0.0836857404508914,1.0414371906942963,0.0136562738570357,6366,"('2023-07-24 04:00:00+00:00', '2024-05-31 18:00:00+00:00')",
M2_trbc10,05426,clean_exkl_curt,0.152555910543131,0.8354039830639145,0.120447735015877,0.0838845673898364,1.0412812790459098,0.0133197655341042,6366,"('2023-07-24 04:00:00+00:00', '2024-05-31 18:00:00+00:00')",0.0453974238140119
M2_trbc10,07374,raw,0.0300851970181044,0.635842572759125,0.126364741150305,0.0772998221796343,1.0977111876058316,0.0221829097346488,7512,"('2023-07-24 00:00:00+00:00', '2024-05-31 23:00:00+00:00')",
M2_trbc10,07374,clean,0.0300851970181044,0.7145364733775814,0.1119290264209048,0.0718853479260671,1.0629677114948122,0.0206023980888248,7286,"('2023-07-24 00:00:00+00:00', '2024-05-31 23:00:00+00:00')",
M2_trbc10,07374,clean_exkl_curt,0.0300851970181044,0.7183556577969173,0.1074039883819309,0.0691568717029156,1.051858611243108,0.0188032691125687,7286,"('2023-07-24 00:00:00+00:00', '2024-05-31 23:00:00+00:00')",0.0470765852319516
M3_vg,00198_1,raw,0.0986421725239616,0.4560928343477023,0.2026145420131975,0.1266075922328307,1.0934425323296375,0.0252031926340594,7512,"('2023-07-24 00:00:00+00:00', '2024-05-31 23:00:00+00:00')",
M3_vg,00198_1,clean,0.0986421725239616,0.6179033232460258,0.1669858286216671,0.1094107056787924,1.0443535619731503,0.0174857406190463,6771,"('2023-07-24 00:00:00+00:00', '2024-05-31 23:00:00+00:00')",
M3_vg,00198_1,clean_exkl_curt,0.0986421725239616,0.5967404566006544,0.1666688744993783,0.1088270044506567,1.0387403307758467,0.0169207782834821,6771,"('2023-07-24 00:00:00+00:00', '2024-05-31 23:00:00+00:00')",0.0506572145916408
M3_vg,00198_2,raw,0.1858043299534119,0.7398092707719505,0.1712317822583461,0.1165857644993074,1.0822887172034037,0.0297322101328547,3649,"('2023-12-31 23:00:00+00:00', '2024-05-31 23:00:00+00:00')",
M3_vg,00198_2,clean,0.1858043299534119,0.8711262856563079,0.1189708702466993,0.0862209114161664,1.0854880530914488,0.0316953431181169,2971,"('2023-12-31 23:00:00+00:00', '2024-05-31 23:00:00+00:00')",
M3_vg,00198_2,clean_exkl_curt,0.1858043299534119,0.8681243272413195,0.1193997907219079,0.0866628072807496,1.0866657438607403,0.0318337702466114,2971,"('2023-12-31 23:00:00+00:00', '2024-05-31 23:00:00+00:00')",0.0434197239986536
M3_vg,00282,raw,0.1545527156549521,0.618034511783857,0.2032128799129924,0.1295001425511734,0.9571593384941628,0.0217055772685932,7512,"('2023-07-24 00:00:00+00:00', '2024-05-31 23:00:00+00:00')",
M3_vg,00282,clean,0.1545527156549521,0.8243169742335968,0.1369031219795883,0.0944607969565379,0.8845577844450024,0.0409864978501926,6351,"('2023-07-24 00:00:00+00:00', '2024-05-31 23:00:00+00:00')",
M3_vg,00282,clean_exkl_curt,0.1545527156549521,0.823106261414061,0.1366189242933238,0.0945410123963929,0.8838688966821969,0.0410292129107979,6351,"('2023-07-24 00:00:00+00:00', '2024-05-31 23:00:00+00:00')",0.0355849472524011
M3_vg,00298,raw,0.1699946751863684,0.5016270732973132,0.233002663317101,0.143800252166428,1.2821906314506573,0.0994612570193884,7512,"('2023-07-24 00:00:00+00:00', '2024-05-31 23:00:00+00:00')",
M3_vg,00298,clean,0.1699946751863684,0.7939577602434329,0.1473041956528218,0.1002643621666923,1.194362935119074,0.0684311366355192,6235,"('2023-07-24 00:00:00+00:00', '2024-05-31 23:00:00+00:00')",
M3_vg,00298,clean_exkl_curt,0.1699946751863684,0.7855622443046165,0.1484655706072464,0.1012558471156186,1.2022838403563247,0.0695013140811567,6235,"('2023-07-24 00:00:00+00:00', '2024-05-31 23:00:00+00:00')",0.038813151563753
M3_vg,01200_1,raw,0.1261980830670926,0.0745990029677521,0.2807535130977586,0.1721307058838757,1.5548337084592545,0.1525187666126414,7512,"('2023-07-24 00:00:00+00:00', '2024-05-31 23:00:00+00:00')",
M3_vg,01200_1,clean,0.1261980830670926,0.6087204333184787,0.1763707162333667,0.1248590024788669,1.4002299706928183,0.1115075537914373,6564,"('2023-07-24 00:00:00+00:00', '2024-05-31 23:00:00+00:00')",
M3_vg,01200_1,clean_exkl_curt,0.1261980830670926,0.5817537582872356,0.1767564280070334,0.1250897747919033,1.4173679970560618,0.1116523064434795,6564,"('2023-07-24 00:00:00+00:00', '2024-05-31 23:00:00+00:00')",0.0402193784277879
M3_vg,01200_2,raw,0.1393769968051118,0.3521429042709121,0.2341988881076384,0.1579259273279562,1.5045387452758878,0.1441360867958651,7512,"('2023-07-24 00:00:00+00:00', '2024-05-31 23:00:00+00:00')",
M3_vg,01200_2,clean,0.1393769968051118,0.4192531641839315,0.1998158518459248,0.1402665180658988,1.5363872470072013,0.1332636608605389,6465,"('2023-07-24 01:00:00+00:00', '2024-05-31 23:00:00+00:00')",
M3_vg,01200_2,clean_exkl_curt,0.1393769968051118,0.3799016616669866,0.2000522024793064,0.1404902115506505,1.558957567182146,0.133620184211851,6465,"('2023-07-24 01:00:00+00:00', '2024-05-31 23:00:00+00:00')",0.0354215003866976
M3_vg,01303_1,raw,0.0629743043536147,0.6627925315143213,0.1366628783618984,0.0925293558411537,1.29229629485562,0.064075312573061,7511,"('2023-07-24 00:00:00+00:00', '2024-05-31 23:00:00+00:00')",
M3_vg,01303_1,clean,0.0629743043536147,0.6996961623318172,0.1194558607182341,0.0837950902756616,1.303933057213433,0.0626092571628759,7038,"('2023-07-24 00:00:00+00:00', '2024-05-31 23:00:00+00:00')",
M3_vg,01303_1,clean_exkl_curt,0.0629743043536147,0.6782906587079629,0.1183564474473327,0.0826372186934751,1.3126865529260023,0.0617362480892406,7038,"('2023-07-24 00:00:00+00:00', '2024-05-31 23:00:00+00:00')",0.0431940892298948
M3_vg,01303_2,raw,0.0804153907602183,0.6411219838894378,0.1293022995514134,0.0865517267074127,1.2810016501396957,0.0575284118814695,7511,"('2023-07-24 00:00:00+00:00', '2024-05-31 23:00:00+00:00')",
M3_vg,01303_2,clean,0.0804153907602183,0.6862695316226481,0.110467463995456,0.076809337006748,1.293733167763504,0.0563675300775077,6907,"('2023-07-24 00:00:00+00:00', '2024-05-31 23:00:00+00:00')",
M3_vg,01303_2,clean_exkl_curt,0.0804153907602183,0.6680199494857506,0.1086433642247309,0.0751641748435232,1.297771652712914,0.0548486468436149,6907,"('2023-07-24 00:00:00+00:00', '2024-05-31 23:00:00+00:00')",0.0428550745620385
M3_vg,02483,raw,0.1809105431309904,0.7383679979708933,0.184040135217905,0.1227402998951892,0.9293282966778416,0.0327602175762882,7512,"('2023-07-24 00:00:00+00:00', '2024-05-31 23:00:00+00:00')",
M3_vg,02483,clean,0.1809105431309904,0.9054650932061716,0.1139424633155765,0.0840372360640212,0.91587607675298,0.0403576279181353,6153,"('2023-07-24 00:00:00+00:00', '2024-05-31 23:00:00+00:00')",
M3_vg,02483,clean_exkl_curt,0.1809105431309904,0.9022444845593858,0.1148864341477337,0.0847479775464192,0.9139404352961362,0.0401932981026766,6153,"('2023-07-24 00:00:00+00:00', '2024-05-31 23:00:00+00:00')",0.0502194051682106
M3_vg,04745,raw,0.0127982935608585,0.617060504716606,0.0867184243654519,0.0494058800400072,1.209182361003056,0.0265185554138173,7501,"('2023-07-24 00:00:00+00:00', '2024-05-31 23:00:00+00:00')",
M3_vg,04745,clean,0.0127982935608585,0.6728769319890682,0.0776947639162269,0.0463841751337556,1.1933168774801264,0.0248100536159082,7405,"('2023-07-24 00:00:00+00:00', '2024-05-31 23:00:00+00:00')",
M3_vg,04745,clean_exkl_curt,0.0127982935608585,0.6532214836932089,0.0733951843966187,0.043883356488077,1.1985309384332383,0.0240244846993044,7405,"('2023-07-24 00:00:00+00:00', '2024-05-31 23:00:00+00:00')",0.0480756245779878
M3_vg,05347,raw,0.2307282652110238,0.5720142687072087,0.1968709046745209,0.1227322698101527,1.1929076544886072,0.0522705330235766,7511,"('2023-07-24 00:00:00+00:00', '2024-05-31 23:00:00+00:00')",
M3_vg,05347,clean,0.2307282652110238,0.8087954306007664,0.1243092255068916,0.0823327137178329,1.0780308969183137,0.0390092225504037,5778,"('2023-07-24 00:00:00+00:00', '2024-05-30 20:00:00+00:00')",
M3_vg,05347,clean_exkl_curt,0.2307282652110238,0.7961881659057772,0.1244872462400814,0.0825893776928499,1.078270954390645,0.0389863067124449,5778,"('2023-07-24 00:00:00+00:00', '2024-05-30 20:00:00+00:00')",0.0391138802353755
M3_vg,05426,raw,0.1540202342917997,0.6668087548338315,0.17684995881594,0.1109501227347448,1.1111546993540613,0.0315752187212146,7512,"('2023-07-24 00:00:00+00:00', '2024-05-31 23:00:00+00:00')",
M3_vg,05426,clean,0.1540202342917997,0.8325949974894669,0.1233335291210847,0.0857299809086714,1.062523829642912,0.0197017329119241,6355,"('2023-07-24 04:00:00+00:00', '2024-05-31 18:00:00+00:00')",
M3_vg,05426,clean_exkl_curt,0.1540202342917997,0.8270574540539339,0.1231596649493772,0.0857933890163865,1.0631776177433836,0.0194679242399059,6355,"('2023-07-24 04:00:00+00:00', '2024-05-31 18:00:00+00:00')",0.0451612903225806
M3_vg,07374,raw,0.031416400425985,0.6641996487077915,0.1213450036551021,0.0732862029432126,1.1103755741948722,0.021218668659565,7512,"('2023-07-24 00:00:00+00:00', '2024-05-31 23:00:00+00:00')",
M3_vg,07374,clean,0.031416400425985,0.7444997686556982,0.1058053178539435,0.0676178508004031,1.0737805470921673,0.0155758494641321,7276,"('2023-07-24 00:00:00+00:00', '2024-05-31 23:00:00+00:00')",
M3_vg,07374,clean_exkl_curt,0.031416400425985,0.7473348721027012,0.1016208595783035,0.0650743335431852,1.0663784263071383,0.0138191875803539,7276,"('2023-07-24 00:00:00+00:00', '2024-05-31 23:00:00+00:00')",0.046866410115448
M5_vg,00198_1,raw,0.0986421725239616,0.5007540802404533,0.1941178551739462,0.1229561438241876,0.9818433329719852,0.0211871468334344,7512,"('2023-07-24 00:00:00+00:00', '2024-05-31 23:00:00+00:00')",
M5_vg,00198_1,clean,0.0986421725239616,0.6500257375035678,0.159812608143856,0.1068823581950468,0.9315479454052714,0.0255785924907161,6771,"('2023-07-24 00:00:00+00:00', '2024-05-31 23:00:00+00:00')",
M5_vg,00198_1,clean_exkl_curt,0.0986421725239616,0.6290416992217479,0.1598544469964756,0.1064971027063584,0.9232123770861096,0.0261725425655829,6771,"('2023-07-24 00:00:00+00:00', '2024-05-31 23:00:00+00:00')",0.0506572145916408
M5_vg,00198_2,raw,0.1858043299534119,0.7489109276574165,0.168210218122142,0.1133854285205987,0.9784605844304128,0.0313717068038463,3649,"('2023-12-31 23:00:00+00:00', '2024-05-31 23:00:00+00:00')",
M5_vg,00198_2,clean,0.1858043299534119,0.8740269812032276,0.1176243492997157,0.0844582212267718,0.9755904819027068,0.0280140151821459,2971,"('2023-12-31 23:00:00+00:00', '2024-05-31 23:00:00+00:00')",
M5_vg,00198_2,clean_exkl_curt,0.1858043299534119,0.8713723683411234,0.1179202410115762,0.0846784884295502,0.9755653484437194,0.0279775342738621,2971,"('2023-12-31 23:00:00+00:00', '2024-05-31 23:00:00+00:00')",0.0434197239986536
M5_vg,00282,raw,0.1545527156549521,0.5893219890237964,0.2107123027319254,0.1361576800028178,0.8874383354454038,0.0424030161329815,7512,"('2023-07-24 00:00:00+00:00', '2024-05-31 23:00:00+00:00')",
M5_vg,00282,clean,0.1545527156549521,0.7806366853222925,0.1529785184685493,0.1041578184810522,0.8123201252846954,0.0666276818982543,6351,"('2023-07-24 00:00:00+00:00', '2024-05-31 23:00:00+00:00')",
M5_vg,00282,clean_exkl_curt,0.1545527156549521,0.7790248662895842,0.1526955335436424,0.1042111114153918,0.8112135030780064,0.0666921933132792,6351,"('2023-07-24 00:00:00+00:00', '2024-05-31 23:00:00+00:00')",0.0355849472524011
M5_vg,00298,raw,0.1699946751863684,0.4836874651887155,0.2371592119875431,0.1475604984464318,1.301857821133226,0.1063931046607767,7512,"('2023-07-24 00:00:00+00:00', '2024-05-31 23:00:00+00:00')",
M5_vg,00298,clean,0.1699946751863684,0.7760093725140709,0.1535860987859303,0.1045808802475656,1.2150611776045597,0.0756447075747599,6235,"('2023-07-24 00:00:00+00:00', '2024-05-31 23:00:00+00:00')",
M5_vg,00298,clean_exkl_curt,0.1699946751863684,0.766903205138209,0.1547901339629852,0.1055969358768752,1.2235273732816694,0.0767234186586107,6235,"('2023-07-24 00:00:00+00:00', '2024-05-31 23:00:00+00:00')",0.038813151563753
M5_vg,01200_1,raw,0.1261980830670926,0.2382598483591617,0.2547203494243962,0.1431849328534148,1.392997966536058,0.1080315853624049,7512,"('2023-07-24 00:00:00+00:00', '2024-05-31 23:00:00+00:00')",
M5_vg,01200_1,clean,0.1261980830670926,0.7698077237014803,0.1352783407810991,0.0933388858382826,1.2322495077063786,0.0652174568815991,6564,"('2023-07-24 00:00:00+00:00', '2024-05-31 23:00:00+00:00')",
M5_vg,01200_1,clean_exkl_curt,0.1261980830670926,0.754017728273653,0.1355536127960468,0.0934669797330191,1.2424477114001085,0.0653570187864243,6564,"('2023-07-24 00:00:00+00:00', '2024-05-31 23:00:00+00:00')",0.0402193784277879
M5_vg,01200_2,raw,0.1393769968051118,0.4950699805060492,0.2067572821654268,0.1325553624194299,1.392232351910667,0.1120554875298002,7512,"('2023-07-24 00:00:00+00:00', '2024-05-31 23:00:00+00:00')",
M5_vg,01200_2,clean,0.1393769968051118,0.603514922155365,0.1651010883347007,0.1117102145762228,1.4018382670548737,0.0998636460915414,6465,"('2023-07-24 01:00:00+00:00', '2024-05-31 23:00:00+00:00')",
M5_vg,01200_2,clean_exkl_curt,0.1393769968051118,0.5765282948147303,0.1653199450169736,0.1117687541899968,1.4192782489798152,0.1002546379392702,6465,"('2023-07-24 01:00:00+00:00', '2024-05-31 23:00:00+00:00')",0.0354215003866976
M5_vg,01303_1,raw,0.0629743043536147,0.6627369146254232,0.1366741480570459,0.0922842637712471,1.28649200229603,0.0628113870078762,7511,"('2023-07-24 00:00:00+00:00', '2024-05-31 23:00:00+00:00')",
M5_vg,01303_1,clean,0.0629743043536147,0.6997907554706178,0.1194370454495566,0.0835076630278893,1.2975064968471577,0.061301400936375,7038,"('2023-07-24 00:00:00+00:00', '2024-05-31 23:00:00+00:00')",
M5_vg,01303_1,clean_exkl_curt,0.0629743043536147,0.6783236337798515,0.1183503815489014,0.082357691276801,1.30571365975504,0.0603769352755877,7038,"('2023-07-24 00:00:00+00:00', '2024-05-31 23:00:00+00:00')",0.0431940892298948
M5_vg,01303_2,raw,0.0804153907602183,0.7846719095786068,0.1001574284226042,0.0647627982778099,1.0319454411427156,0.0141260726033041,7511,"('2023-07-24 00:00:00+00:00', '2024-05-31 23:00:00+00:00')",
M5_vg,01303_2,clean,0.0804153907602183,0.8526657416201929,0.0757020962761837,0.0534976943553011,1.022814686834559,0.0124615693664022,6907,"('2023-07-24 00:00:00+00:00', '2024-05-31 23:00:00+00:00')",
M5_vg,01303_2,clean_exkl_curt,0.0804153907602183,0.8439107081387973,0.0744961394453385,0.0524960436651684,1.020189703391712,0.0117973158895502,6907,"('2023-07-24 00:00:00+00:00', '2024-05-31 23:00:00+00:00')",0.0428550745620385
M5_vg,02483,raw,0.1809105431309904,0.7336626761821113,0.1856876958617831,0.1241497941244951,0.919716293172649,0.0372159093365209,7512,"('2023-07-24 00:00:00+00:00', '2024-05-31 23:00:00+00:00')",
M5_vg,02483,clean,0.1809105431309904,0.8994398263133982,0.1175174912006667,0.0859411008853996,0.9066195905126848,0.0429916802939575,6153,"('2023-07-24 00:00:00+00:00', '2024-05-31 23:00:00+00:00')",
M5_vg,02483,clean_exkl_curt,0.1809105431309904,0.8963954980340044,0.1182734945148012,0.0864891015322683,0.9047981411914297,0.0429156948755941,6153,"('2023-07-24 00:00:00+00:00', '2024-05-31 23:00:00+00:00')",0.0502194051682106
M5_vg,04745,raw,0.0127982935608585,0.7394382522518776,0.071532207451413,0.0409030006924998,0.98889428982928,0.0067752134907645,7501,"('2023-07-24 00:00:00+00:00', '2024-05-31 23:00:00+00:00')",
M5_vg,04745,clean,0.0127982935608585,0.7844413649390315,0.0630694260038333,0.0382082084120889,0.9727133639030836,0.0061545881500662,7405,"('2023-07-24 00:00:00+00:00', '2024-05-31 23:00:00+00:00')",
M5_vg,04745,clean_exkl_curt,0.0127982935608585,0.7776632338995261,0.0587688396734713,0.0357131342914997,0.9734221595019052,0.0064646234745124,7405,"('2023-07-24 00:00:00+00:00', '2024-05-31 23:00:00+00:00')",0.0480756245779878
M5_vg,05347,raw,0.2307282652110238,0.6383828606197682,0.1809636698954394,0.1124209474726074,1.075821444994089,0.0292893993881983,7511,"('2023-07-24 00:00:00+00:00', '2024-05-31 23:00:00+00:00')",
M5_vg,05347,clean,0.2307282652110238,0.852583951893525,0.1091507211785097,0.0738085476793288,0.9578969400751056,0.0338324319465857,5778,"('2023-07-24 00:00:00+00:00', '2024-05-30 20:00:00+00:00')",
M5_vg,05347,clean_exkl_curt,0.2307282652110238,0.8420625822179121,0.109585395177851,0.0741922414423243,0.954114648880542,0.0345035130747785,5778,"('2023-07-24 00:00:00+00:00', '2024-05-30 20:00:00+00:00')",0.0391138802353755
M5_vg,05426,raw,0.1540202342917997,0.6717901452421791,0.1755229788148099,0.1098733234679546,1.0978451372710314,0.0278328701678358,7512,"('2023-07-24 00:00:00+00:00', '2024-05-31 23:00:00+00:00')",
M5_vg,05426,clean,0.1540202342917997,0.8362895883358095,0.1219649643552023,0.0847591944527064,1.0493900076272362,0.0158540651145421,6355,"('2023-07-24 04:00:00+00:00', '2024-05-31 18:00:00+00:00')",
M5_vg,05426,clean_exkl_curt,0.1540202342917997,0.8308816905971731,0.1217903529273907,0.084820365452186,1.0496989026663504,0.0155995448034494,6355,"('2023-07-24 04:00:00+00:00', '2024-05-31 18:00:00+00:00')",0.0451612903225806
M5_vg,07374,raw,0.031416400425985,0.6840301178734587,0.1177075093015475,0.0708270781878435,1.0650691680764588,0.0125135707073267,7512,"('2023-07-24 00:00:00+00:00', '2024-05-31 23:00:00+00:00')",
M5_vg,07374,clean,0.031416400425985,0.7590341358328738,0.1027518403720823,0.0654222690374221,1.030083963409245,0.0092203551512408,7276,"('2023-07-24 00:00:00+00:00', '2024-05-31 23:00:00+00:00')",
M5_vg,07374,clean_exkl_curt,0.031416400425985,0.7611488167604604,0.0988038595561448,0.0630512925704687,1.022201257916495,0.0078303238131244,7276,"('2023-07-24 00:00:00+00:00', '2024-05-31 23:00:00+00:00')",0.046866410115448
M5_vg_blend,00198_1,raw,0.0994408945686901,0.4921363119801376,0.1957860763933151,0.1239941834069932,0.9880457082855094,0.0225531365754002,7512,"('2023-07-24 00:00:00+00:00', '2024-05-31 23:00:00+00:00')",
M5_vg_blend,00198_1,clean,0.0994408945686901,0.6413157332084045,0.1615076926658036,0.107768088546812,0.9394564945291746,0.0268025611313185,6765,"('2023-07-24 00:00:00+00:00', '2024-05-31 23:00:00+00:00')",
M5_vg_blend,00198_1,clean_exkl_curt,0.0994408945686901,0.6215267075049105,0.1613093205141514,0.107235400945852,0.9311169213983288,0.027414663129705,6765,"('2023-07-24 00:00:00+00:00', '2024-05-31 23:00:00+00:00')",0.0505543237250554
M5_vg_blend,00198_2,raw,0.1797752808988764,0.7473946951631154,0.1687173328343758,0.1138031473492823,0.9779205470459602,0.0321547289005279,3649,"('2023-12-31 23:00:00+00:00', '2024-05-31 23:00:00+00:00')",
M5_vg_blend,00198_2,clean,0.1797752808988764,0.871968136279466,0.1191761531040895,0.0853028400762935,0.9741746162095024,0.0291107406337837,2993,"('2023-12-31 23:00:00+00:00', '2024-05-31 23:00:00+00:00')",
M5_vg_blend,00198_2,clean_exkl_curt,0.1797752808988764,0.8688373474581269,0.11958724107352,0.0855406566220083,0.9735287204396432,0.0290371240965167,2993,"('2023-12-31 23:00:00+00:00', '2024-05-31 23:00:00+00:00')",0.0444370197126628
M5_vg_blend,00282,raw,0.1505591054313099,0.5877342060343578,0.2111192427755019,0.1363912297786886,0.8874989812385771,0.042835528060069,7512,"('2023-07-24 00:00:00+00:00', '2024-05-31 23:00:00+00:00')",
M5_vg_blend,00282,clean,0.1505591054313099,0.7769927561228077,0.1540740312660216,0.1049130275853258,0.8167225750444614,0.0652195149513149,6381,"('2023-07-24 00:00:00+00:00', '2024-05-31 23:00:00+00:00')",
M5_vg_blend,00282,clean_exkl_curt,0.1505591054313099,0.7747186303813052,0.1539258492056665,0.1050873918393449,0.8164577972708316,0.0649788487262453,6381,"('2023-07-24 00:00:00+00:00', '2024-05-31 23:00:00+00:00')",0.0355743613853627
M5_vg_blend,00298,raw,0.1699946751863684,0.4836875463573225,0.2371591933458462,0.147560441099297,1.3018579838397706,0.1063931620079115,7512,"('2023-07-24 00:00:00+00:00', '2024-05-31 23:00:00+00:00')",
M5_vg_blend,00298,clean,0.1699946751863684,0.7760094736721492,0.1535860641048445,0.1045808111550754,1.2150613752059565,0.0756447766672502,6235,"('2023-07-24 00:00:00+00:00', '2024-05-31 23:00:00+00:00')",
M5_vg_blend,00298,clean_exkl_curt,0.1699946751863684,0.7669033129624655,0.1547900981621218,0.1055968639943995,1.223527583985666,0.0767234905410864,6235,"('2023-07-24 00:00:00+00:00', '2024-05-31 23:00:00+00:00')",0.038813151563753
M5_vg_blend,01200_1,raw,0.1261980830670926,0.2390772591988096,0.2545836446299614,0.1430402236926736,1.3922935142926005,0.1078379378141908,7512,"('2023-07-24 00:00:00+00:00', '2024-05-31 23:00:00+00:00')",
M5_vg_blend,01200_1,clean,0.1261980830670926,0.7698171428187868,0.1351940255969849,0.093261135409532,1.231824878763217,0.0650660984960604,6564,"('2023-07-24 00:00:00+00:00', '2024-05-31 23:00:00+00:00')",
M5_vg_blend,01200_1,clean_exkl_curt,0.1261980830670926,0.7547828267643393,0.1352636192266446,0.0932829261408317,1.2415849221671114,0.0650841209890875,6564,"('2023-07-24 00:00:00+00:00', '2024-05-31 23:00:00+00:00')",0.0405240706886045
M5_vg_blend,01200_2,raw,0.1347177848775292,0.498240631275885,0.2061071054326085,0.1320978267695455,1.3904738041135796,0.1115531225013982,7512,"('2023-07-24 00:00:00+00:00', '2024-05-31 23:00:00+00:00')",
M5_vg_blend,01200_2,clean,0.1347177848775292,0.613248432299939,0.163896802231486,0.1110158414968258,1.3943141149541367,0.0988695597801113,6500,"('2023-07-24 01:00:00+00:00', '2024-05-31 23:00:00+00:00')",
M5_vg_blend,01200_2,clean_exkl_curt,0.1347177848775292,0.5882129930032636,0.1640203423502353,0.1109967781948309,1.4112725486351567,0.0992646228555175,6500,"('2023-07-24 01:00:00+00:00', '2024-05-31 23:00:00+00:00')",0.0355384615384615
M5_vg_blend,01303_1,raw,0.062308614032752,0.6618312870812477,0.1368575255125866,0.0920414462628677,1.2865608349735498,0.0628197189047572,7511,"('2023-07-24 00:00:00+00:00', '2024-05-31 23:00:00+00:00')",
M5_vg_blend,01303_1,clean,0.062308614032752,0.6904691248575572,0.1215823812717726,0.0839576657803426,1.304880945672774,0.0629052431223953,7043,"('2023-07-24 00:00:00+00:00', '2024-05-31 23:00:00+00:00')",
M5_vg_blend,01303_1,clean_exkl_curt,0.062308614032752,0.6692009002941913,0.1203499220763615,0.082721009139934,1.3126319539852052,0.0618414944108509,7043,"('2023-07-24 00:00:00+00:00', '2024-05-31 23:00:00+00:00')",0.0431634246769842
M5_vg_blend,01303_2,raw,0.081081081081081,0.7847727452392498,0.1001339743923304,0.0646582090713467,1.0335655630812446,0.014389031852201,7511,"('2023-07-24 00:00:00+00:00', '2024-05-31 23:00:00+00:00')",
M5_vg_blend,01303_2,clean,0.081081081081081,0.8556782151285424,0.0745897432512122,0.0529947711750855,1.021405660435426,0.0121421833966459,6902,"('2023-07-24 00:00:00+00:00', '2024-05-31 23:00:00+00:00')",
M5_vg_blend,01303_2,clean_exkl_curt,0.081081081081081,0.8471888681628764,0.0735982854908821,0.05211002617746,1.0185973198058202,0.0114631831408224,6902,"('2023-07-24 00:00:00+00:00', '2024-05-31 23:00:00+00:00')",0.041871921182266
M5_vg_blend,02483,raw,0.1807774227902023,0.7345242598236932,0.1853871088576447,0.1235486658477025,0.9229180233870328,0.0357317314617406,7512,"('2023-07-24 00:00:00+00:00', '2024-05-31 23:00:00+00:00')",
M5_vg_blend,02483,clean,0.1807774227902023,0.90180201253681,0.1162643029314047,0.084856018928441,0.9068789958129984,0.0428982397427046,6154,"('2023-07-24 00:00:00+00:00', '2024-05-31 23:00:00+00:00')",
M5_vg_blend,02483,clean_exkl_curt,0.1807774227902023,0.8986177404543363,0.1171056417694192,0.0854612886208203,0.9050446690274102,0.0428178041988823,6154,"('2023-07-24 00:00:00+00:00', '2024-05-31 23:00:00+00:00')",0.0503737406564835
M5_vg_blend,04745,raw,0.0125316624450073,0.7404758799795268,0.0713896350192433,0.0406608149819279,0.998562196211551,0.0076637885985366,7501,"('2023-07-24 00:00:00+00:00', '2024-05-31 23:00:00+00:00')",
M5_vg_blend,04745,clean,0.0125316624450073,0.7829289507887098,0.0632253703399614,0.0380791991280145,0.982274341452804,0.0068280783585637,7407,"('2023-07-24 00:00:00+00:00', '2024-05-31 23:00:00+00:00')",
M5_vg_blend,04745,clean_exkl_curt,0.0125316624450073,0.7761890538804188,0.0589578124183931,0.0356078897837265,0.9831241872920172,0.0071939016067621,7407,"('2023-07-24 00:00:00+00:00', '2024-05-31 23:00:00+00:00')",0.0480626434453895
M5_vg_blend,05347,raw,0.2316602316602316,0.6367881621780112,0.1813622475553745,0.1126936179726662,1.0785659372452232,0.0300398169250945,7511,"('2023-07-24 00:00:00+00:00', '2024-05-31 23:00:00+00:00')",
M5_vg_blend,05347,clean,0.2316602316602316,0.853246004823899,0.1090987043368759,0.0738042484125313,0.963770721642928,0.0356958699964797,5771,"('2023-07-24 00:00:00+00:00', '2024-05-30 20:00:00+00:00')",
M5_vg_blend,05347,clean_exkl_curt,0.2316602316602316,0.842404683354133,0.1095591147852161,0.0742307265725967,0.9602539314979546,0.0364166285789058,5771,"('2023-07-24 00:00:00+00:00', '2024-05-30 20:00:00+00:00')",0.0393346040547565
M5_vg_blend,05426,raw,0.1542864749733759,0.6631888169191058,0.1778080518726345,0.1112923667386485,1.1098702766638446,0.0311866124257825,7512,"('2023-07-24 00:00:00+00:00', '2024-05-31 23:00:00+00:00')",
M5_vg_blend,05426,clean,0.1542864749733759,0.8340105210158211,0.1232759588974297,0.0853296126657779,1.0588305138703713,0.0186634110771859,6353,"('2023-07-24 04:00:00+00:00', '2024-05-31 18:00:00+00:00')",
M5_vg_blend,05426,clean_exkl_curt,0.1542864749733759,0.8288531738111414,0.1229514530393389,0.085298786120729,1.0591191317335664,0.0183327008144983,6353,"('2023-07-24 04:00:00+00:00', '2024-05-31 18:00:00+00:00')",0.0458051314339682
M5_vg_blend,07374,raw,0.031416400425985,0.6837732304392283,0.117755348412772,0.0707981746117213,1.0654129065307545,0.0125884423917332,7512,"('2023-07-24 00:00:00+00:00', '2024-05-31 23:00:00+00:00')",
M5_vg_blend,07374,clean,0.031416400425985,0.758753988060263,0.1028115528495783,0.0654086296114411,1.0305170865210735,0.0094021162739148,7276,"('2023-07-24 00:00:00+00:00', '2024-05-31 23:00:00+00:00')",
M5_vg_blend,07374,clean_exkl_curt,0.031416400425985,0.7611283657184555,0.0988080893836955,0.0629909958654543,1.022400591160528,0.0079693100918089,7276,"('2023-07-24 00:00:00+00:00', '2024-05-31 23:00:00+00:00')",0.046866410115448
M5all_PL_noage,00198_1,raw,0.097577209797657,0.495126454145875,0.1952088620079975,0.1231713433778537,1.007923160943365,0.0189944870918605,7512,"('2023-07-24 00:00:00+00:00', '2024-05-31 23:00:00+00:00')",
M5all_PL_noage,00198_1,clean,0.097577209797657,0.6493569245827724,0.1602709630324132,0.106709476976918,0.960882525994198,0.0223968046724708,6779,"('2023-07-24 00:00:00+00:00', '2024-05-31 23:00:00+00:00')",
M5all_PL_noage,00198_1,clean_exkl_curt,0.097577209797657,0.6304539070498363,0.1601041715353766,0.1061890957757863,0.9531298070308044,0.0228648080299615,6779,"('2023-07-24 00:00:00+00:00', '2024-05-31 23:00:00+00:00')",0.0504499188670895
M5all_PL_noage,00198_2,raw,0.1800493285831734,0.7491848664952957,0.1681184341861369,0.1133129397719897,0.983390763216486,0.0303220646565763,3649,"('2023-12-31 23:00:00+00:00', '2024-05-31 23:00:00+00:00')",
M5all_PL_noage,00198_2,clean,0.1800493285831734,0.8722606474744075,0.1191419523046126,0.0850564044967299,0.9777078770813978,0.0283133898527792,2992,"('2023-12-31 23:00:00+00:00', '2024-05-31 23:00:00+00:00')",
M5all_PL_noage,00198_2,clean_exkl_curt,0.1800493285831734,0.8692402665059442,0.1195671380227314,0.0853248721785787,0.9769397938088324,0.0283727469088428,2992,"('2023-12-31 23:00:00+00:00', '2024-05-31 23:00:00+00:00')",0.044451871657754
M5all_PL_noage,00282,raw,0.1540202342917997,0.592762083344938,0.2098279181791204,0.1352802923962931,0.8963757771270388,0.0395913130485131,7512,"('2023-07-24 00:00:00+00:00', '2024-05-31 23:00:00+00:00')",
M5all_PL_noage,00282,clean,0.1540202342917997,0.7855366551578731,0.1510530033446404,0.1029338168386846,0.8234209817398455,0.0626617699358385,6355,"('2023-07-24 00:00:00+00:00', '2024-05-31 23:00:00+00:00')",
M5all_PL_noage,00282,clean_exkl_curt,0.1540202342917997,0.783894578356829,0.1507294915839218,0.1029966545689659,0.8224350287650821,0.0626680636923341,6355,"('2023-07-24 00:00:00+00:00', '2024-05-31 23:00:00+00:00')",0.0358772619984264
M5all_PL_noage,00298,raw,0.1699946751863684,0.472221212072674,0.2397781637254012,0.1499209573705539,1.3138266489373107,0.1106116072594201,7512,"('2023-07-24 00:00:00+00:00', '2024-05-31 23:00:00+00:00')",
M5all_PL_noage,00298,clean,0.1699946751863684,0.7643572904876216,0.1575302599973199,0.1073026270997952,1.227661953884097,0.0800323567363194,6235,"('2023-07-24 00:00:00+00:00', '2024-05-31 23:00:00+00:00')",
M5all_PL_noage,00298,clean_exkl_curt,0.1699946751863684,0.75481415136037,0.158753323266766,0.1083283385406372,1.236439891707154,0.0811092763113191,6235,"('2023-07-24 00:00:00+00:00', '2024-05-31 23:00:00+00:00')",0.038813151563753
M5all_PL_noage,01200_1,raw,0.1260649627263046,0.2059844945143435,0.2600606894006107,0.14947578395634,1.4312682333994649,0.1185517354739624,7512,"('2023-07-24 00:00:00+00:00', '2024-05-31 23:00:00+00:00')",
M5all_PL_noage,01200_1,clean,0.1260649627263046,0.7349429059161205,0.1450844613062684,0.1004481172237952,1.273206435734161,0.0763357973437204,6565,"('2023-07-24 00:00:00+00:00', '2024-05-31 23:00:00+00:00')",
M5all_PL_noage,01200_1,clean_exkl_curt,0.1260649627263046,0.7174556332073556,0.1452073078989407,0.1005310752996103,1.2848074328933912,0.0763907446722038,6565,"('2023-07-24 00:00:00+00:00', '2024-05-31 23:00:00+00:00')",0.0405178979436405
M5all_PL_noage,01200_2,raw,0.1333865814696485,0.4640117798969442,0.2130212071554819,0.1382508893122007,1.4193803376976974,0.1198088516120706,7512,"('2023-07-24 00:00:00+00:00', '2024-05-31 23:00:00+00:00')",
M5all_PL_noage,01200_2,clean,0.1333865814696485,0.5672993268803203,0.1737413270886733,0.1187325238968461,1.4302208363839857,0.1080808792156513,6510,"('2023-07-24 01:00:00+00:00', '2024-05-31 23:00:00+00:00')",
M5all_PL_noage,01200_2,clean_exkl_curt,0.1333865814696485,0.5398004577614339,0.1738746318617242,0.1187545080177792,1.4479266487618945,0.1083843128815157,6510,"('2023-07-24 01:00:00+00:00', '2024-05-31 23:00:00+00:00')",0.0353302611367127
M5all_PL_noage,01303_1,raw,0.0589801624284382,0.5470735009050296,0.1583856518412318,0.1081731217027252,1.3852882755701756,0.0843139316425029,7511,"('2023-07-24 00:00:00+00:00', '2024-05-31 23:00:00+00:00')",
M5all_PL_noage,01303_1,clean,0.0589801624284382,0.5546930510371151,0.1470135044765411,0.1018399496012672,1.4124588021685154,0.0855655848294984,7068,"('2023-07-24 00:00:00+00:00', '2024-05-31 23:00:00+00:00')",
M5all_PL_noage,01303_1,clean_exkl_curt,0.0589801624284382,0.5279148622028855,0.1452541717542891,0.1002477947574425,1.4229883550893183,0.0841713146856732,7068,"('2023-07-24 00:00:00+00:00', '2024-05-31 23:00:00+00:00')",0.043859649122807
M5all_PL_noage,01303_2,raw,0.0793502862468379,0.6798363247079151,0.1221290135402623,0.0805680313437777,1.2159750110323473,0.0456351627090116,7511,"('2023-07-24 00:00:00+00:00', '2024-05-31 23:00:00+00:00')",
M5all_PL_noage,01303_2,clean,0.0793502862468379,0.7214653662350744,0.1030953383248671,0.0707941105571541,1.2257943151585369,0.0448258469713383,6915,"('2023-07-24 00:00:00+00:00', '2024-05-31 23:00:00+00:00')",
M5all_PL_noage,01303_2,clean_exkl_curt,0.0793502862468379,0.7097546358951156,0.1014093766677268,0.0693067193353979,1.227751556470476,0.0437014221628873,6915,"('2023-07-24 00:00:00+00:00', '2024-05-31 23:00:00+00:00')",0.0416485900216919
M5all_PL_noage,02483,raw,0.1769169329073482,0.7365694781822438,0.1846716193764366,0.1231692449296364,0.9305455103815548,0.0321959721442981,7512,"('2023-07-24 00:00:00+00:00', '2024-05-31 23:00:00+00:00')",
M5all_PL_noage,02483,clean,0.1769169329073482,0.9039906567457352,0.1148954365873095,0.084490261161665,0.919555266455783,0.0385565677838073,6183,"('2023-07-24 00:00:00+00:00', '2024-05-31 23:00:00+00:00')",
M5all_PL_noage,02483,clean_exkl_curt,0.1769169329073482,0.9008223368889402,0.1156997586531838,0.0850831154254163,0.9181349750585238,0.0380997067539953,6183,"('2023-07-24 00:00:00+00:00', '2024-05-31 23:00:00+00:00')",0.0511078764353873
M5all_PL_noage,04745,raw,0.0129316091187842,0.6029979477836402,0.0882963343211198,0.0500587809238452,1.2077699402733515,0.0271740728523282,7501,"('2023-07-24 00:00:00+00:00', '2024-05-31 23:00:00+00:00')",
M5all_PL_noage,04745,clean,0.0129316091187842,0.6527868525178719,0.0802014839516042,0.0471862376352179,1.195626384501107,0.0258782585787828,7404,"('2023-07-24 00:00:00+00:00', '2024-05-31 23:00:00+00:00')",
M5all_PL_noage,04745,clean_exkl_curt,0.0129316091187842,0.6338410092383948,0.0758096775852814,0.0446020212310762,1.2010109733372314,0.0251723134550874,7404,"('2023-07-24 00:00:00+00:00', '2024-05-31 23:00:00+00:00')",0.0479470556455969
M5all_PL_noage,05347,raw,0.2312608174677139,0.6358065021403441,0.1816071679008848,0.112787561842017,1.0824155801415325,0.0297976261961012,7511,"('2023-07-24 00:00:00+00:00', '2024-05-31 23:00:00+00:00')",
M5all_PL_noage,05347,clean,0.2312608174677139,0.8511190701490361,0.1097102698275278,0.0740487591242471,0.9636275331368068,0.0334940864405633,5774,"('2023-07-24 00:00:00+00:00', '2024-05-30 20:00:00+00:00')",
M5all_PL_noage,05347,clean_exkl_curt,0.2312608174677139,0.8396000329891674,0.1102607184621269,0.074507145529049,0.9601986207237164,0.0341973334062163,5774,"('2023-07-24 00:00:00+00:00', '2024-05-30 20:00:00+00:00')",0.0394873571181156
M5all_PL_noage,05426,raw,0.1516240681576145,0.6686873951574714,0.1763506853367144,0.1106021599502119,1.1089146506374612,0.0309427778104115,7512,"('2023-07-24 00:00:00+00:00', '2024-05-31 23:00:00+00:00')",
M5all_PL_noage,05426,clean,0.1516240681576145,0.8375215974140996,0.122268297525167,0.085070898659595,1.0606617670026826,0.0192959208202684,6373,"('2023-07-24 04:00:00+00:00', '2024-05-31 18:00:00+00:00')",
M5all_PL_noage,05426,clean_exkl_curt,0.1516240681576145,0.8322446798976428,0.1220033097310288,0.0851016960787499,1.0615083686141282,0.0191094567387753,6373,"('2023-07-24 04:00:00+00:00', '2024-05-31 18:00:00+00:00')",0.0458182959359799
M5all_PL_noage,07374,raw,0.0308839190628328,0.5793900929416471,0.1358066620480845,0.0833085706786847,1.2337562112089695,0.0449339112860188,7512,"('2023-07-24 00:00:00+00:00', '2024-05-31 23:00:00+00:00')",
M5all_PL_noage,07374,clean,0.0308839190628328,0.6669126713691809,0.1208868205213094,0.0775299857435771,1.195478273967841,0.0388137804934233,7280,"('2023-07-24 00:00:00+00:00', '2024-05-31 23:00:00+00:00')",
M5all_PL_noage,07374,clean_exkl_curt,0.0308839190628328,0.6715930135611953,0.1159575263944831,0.0745401515487981,1.1891995612204609,0.0361211951562845,7280,"('2023-07-24 00:00:00+00:00', '2024-05-31 23:00:00+00:00')",0.0471153846153846
M5all_PL_noQM,04745,raw,0.0209305425943208,0.4931450815107872,0.0997672796903714,0.0599872726487196,1.4124434954780307,0.0444262207642483,7501,"('2023-07-24 00:00:00+00:00', '2024-05-31 23:00:00+00:00')",
M5all_PL_noQM,04745,clean,0.0209305425943208,0.5347279722761958,0.0924712391360681,0.0574734147082905,1.403473004508721,0.0429992814523199,7344,"('2023-07-24 00:00:00+00:00', '2024-05-31 23:00:00+00:00')",
M5all_PL_noQM,04745,clean_exkl_curt,0.0209305425943208,0.4987204079309802,0.0883012404510311,0.0549898419854713,1.424896620994652,0.0418076131422453,7344,"('2023-07-24 00:00:00+00:00', '2024-05-31 23:00:00+00:00')",0.0482026143790849
M5all_PL_noQM,05347,raw,0.2584209825589135,0.4181138328347021,0.2295545516363704,0.155791915052189,1.477012336729993,0.1292628406489602,7511,"('2023-07-24 00:00:00+00:00', '2024-05-31 23:00:00+00:00')",
M5all_PL_noQM,05347,clean,0.2584209825589135,0.6445282200370086,0.1729198453100997,0.1202304545627989,1.3700615510453216,0.1066233968533069,5570,"('2023-07-24 00:00:00+00:00', '2024-05-30 15:00:00+00:00')",
M5all_PL_noQM,05347,clean_exkl_curt,0.2584209825589135,0.6177214512876255,0.1741199587465624,0.1214539606013126,1.3884328605573188,0.1079012753968599,5570,"('2023-07-24 00:00:00+00:00', '2024-05-30 15:00:00+00:00')",0.041113105924596
M5all_PL_noWake,00198_1,raw,0.09757720979765705,0.46670610404540824,0.2006279928920508,0.12563704585233468,1.0670109506726606,0.019171057098865886,7512,"('2023-07-24 00:00:00+00:00', '2024-05-31 23:00:00+00:00')",
M5all_PL_noWake,00198_1,clean,0.09757720979765705,0.6280617496054187,0.16506600295038237,0.10860981338804512,1.0203497445916823,0.0177084380118251,6779,"('2023-07-24 00:00:00+00:00', '2024-05-31 23:00:00+00:00')",
M5all_PL_noWake,00198_1,clean_exkl_curt,0.09757720979765705,0.6093395282501413,0.16461449546138623,0.10791919888330845,1.0135663465631002,0.017613839337335728,6779,"('2023-07-24 00:00:00+00:00', '2024-05-31 23:00:00+00:00')",0.05044991886708954
M5all_PL_noWake,00198_2,raw,0.18004932858317346,0.7410270534298089,0.1708306002903248,0.11612610908051114,1.07610467439065,0.027497818023850585,3649,"('2023-12-31 23:00:00+00:00', '2024-05-31 23:00:00+00:00')",
M5all_PL_noWake,00198_2,clean,0.18004932858317346,0.8722658718546422,0.11913951590105779,0.08626764514280175,1.0745969249809273,0.02940338190863203,2992,"('2023-12-31 23:00:00+00:00', '2024-05-31 23:00:00+00:00')",
M5all_PL_noWake,00198_2,clean_exkl_curt,0.18004932858317346,0.8692917958373115,0.11954357640468515,0.08666450487220033,1.0749949131517365,0.029296768907856,2992,"('2023-12-31 23:00:00+00:00', '2024-05-31 23:00:00+00:00')",0.04445187165775401
M5all_PL_noWake,00282,raw,0.15402023429179978,0.6198001705069762,0.20274265391703378,0.12870714112301151,0.974760718451017,0.01819453101535071,7512,"('2023-07-24 00:00:00+00:00', '2024-05-31 23:00:00+00:00')",
M5all_PL_noWake,00282,clean,0.15402023429179978,0.8289375932998996,0.1349056429318981,0.09314640830200596,0.9045317523841316,0.0338838918882229,6355,"('2023-07-24 00:00:00+00:00', '2024-05-31 23:00:00+00:00')",
M5all_PL_noWake,00282,clean_exkl_curt,0.15402023429179978,0.8277278052930052,0.13457766731700152,0.09322596797431146,0.9041391519382552,0.03383819375468767,6355,"('2023-07-24 00:00:00+00:00', '2024-05-31 23:00:00+00:00')",0.03587726199842644
M5all_PL_noWake,00298,raw,0.16999467518636846,0.4836874651887155,0.23715921198754317,0.14756049844643182,1.301857821133226,0.10639310466077675,7512,"('2023-07-24 00:00:00+00:00', '2024-05-31 23:00:00+00:00')",
M5all_PL_noWake,00298,clean,0.16999467518636846,0.7760093725140709,0.15358609878593038,0.10458088024756569,1.2150611776045595,0.07564470757475997,6235,"('2023-07-24 00:00:00+00:00', '2024-05-31 23:00:00+00:00')",
M5all_PL_noWake,00298,clean_exkl_curt,0.16999467518636846,0.766903205138209,0.15479013396298524,0.10559693587687521,1.2235273732816694,0.07672341865861075,6235,"('2023-07-24 00:00:00+00:00', '2024-05-31 23:00:00+00:00')",0.03881315156375301
M5all_PL_noWake,01200_1,raw,0.12606496272630463,0.12430677862640982,0.27310912557750594,0.16323179050369768,1.5117688689065254,0.1406806318475546,7512,"('2023-07-24 00:00:00+00:00', '2024-05-31 23:00:00+00:00')",
M5all_PL_noWake,01200_1,clean,0.12606496272630463,0.6606157050817876,0.16417123153397672,0.11503378023012949,1.355344097990861,0.09924083546989519,6565,"('2023-07-24 00:00:00+00:00', '2024-05-31 23:00:00+00:00')",
M5all_PL_noWake,01200_1,clean_exkl_curt,0.12606496272630463,0.6379742809487925,0.16436708748248602,0.11516074654948301,1.370217128890425,0.09926167607732297,6565,"('2023-07-24 00:00:00+00:00', '2024-05-31 23:00:00+00:00')",0.04051789794364052
M5all_PL_noWake,01200_2,raw,0.13338658146964855,0.3909281350752347,0.22708031510355212,0.15137594870945856,1.4758444516478568,0.13594098835542204,7512,"('2023-07-24 00:00:00+00:00', '2024-05-31 23:00:00+00:00')",
M5all_PL_noWake,01200_2,clean,0.13338658146964855,0.47717294489719886,0.1909802140145808,0.13316304036102888,1.497722704250448,0.12503686230457262,6510,"('2023-07-24 01:00:00+00:00', '2024-05-31 23:00:00+00:00')",
M5all_PL_noWake,01200_2,clean_exkl_curt,0.13338658146964855,0.4438575138248354,0.1911420191093309,0.13331574477482597,1.5180710299019038,0.125353831130843,6510,"('2023-07-24 01:00:00+00:00', '2024-05-31 23:00:00+00:00')",0.03533026113671275
M5all_PL_noWake,01303_1,raw,0.05898016242843829,0.6081399574371142,0.14732195103618698,0.10002889931056536,1.3364462049304153,0.07367822692838455,7511,"('2023-07-24 00:00:00+00:00', '2024-05-31 23:00:00+00:00')",
M5all_PL_noWake,01303_1,clean,0.05898016242843829,0.6253310679473931,0.1348501194205242,0.09321480369526634,1.3604295291522566,0.07486573517402562,7068,"('2023-07-24 00:00:00+00:00', '2024-05-31 23:00:00+00:00')",
M5all_PL_noWake,01303_1,clean_exkl_curt,0.05898016242843829,0.6035955531889613,0.13310295862033406,0.09169077871601745,1.369459233799743,0.07361651633253585,7068,"('2023-07-24 00:00:00+00:00', '2024-05-31 23:00:00+00:00')",0.043859649122807015
M5all_PL_noWake,01303_2,raw,0.07935028624683793,0.7405480294011091,0.10994141130548628,0.07226400491424562,1.1423218035629599,0.032817173736847394,7511,"('2023-07-24 00:00:00+00:00', '2024-05-31 23:00:00+00:00')",
M5all_PL_noWake,01303_2,clean,0.07935028624683793,0.7918345576558111,0.08912586192911501,0.06207612840277033,1.1464066268592146,0.03208409487839062,6915,"('2023-07-24 00:00:00+00:00', '2024-05-31 23:00:00+00:00')",
M5all_PL_noWake,01303_2,clean_exkl_curt,0.07935028624683793,0.7834637147382846,0.08759126699573686,0.060801639210051085,1.1472594474308835,0.0312819563470983,6915,"('2023-07-24 00:00:00+00:00', '2024-05-31 23:00:00+00:00')",0.041648590021691974
M5all_PL_noWake,02483,raw,0.17691693290734822,0.7414665319490434,0.1829470864394105,0.12154698301725599,0.9443172457791981,0.025812016093695822,7512,"('2023-07-24 00:00:00+00:00', '2024-05-31 23:00:00+00:00')",
M5all_PL_noWake,02483,clean,0.17691693290734822,0.9106464889698108,0.11084135885979791,0.08227258387591843,0.9329509951691132,0.0359750627109882,6183,"('2023-07-24 00:00:00+00:00', '2024-05-31 23:00:00+00:00')",
M5all_PL_noWake,02483,clean_exkl_curt,0.17691693290734822,0.9073959395856308,0.11179967276102286,0.08300805457657402,0.9315812176524636,0.03565969749375887,6183,"('2023-07-24 00:00:00+00:00', '2024-05-31 23:00:00+00:00')",0.051107876435387355
M5all_PL_noWake,04745,raw,0.012931609118784215,0.6670369258454725,0.08086197311559225,0.04609268546235785,1.1202658794746758,0.019078341313001006,7501,"('2023-07-24 00:00:00+00:00', '2024-05-31 23:00:00+00:00')",
M5all_PL_noWake,04745,clean,0.012931609118784215,0.715178110067368,0.07263919207162603,0.043264875408091666,1.1079777085775733,0.017991771322508256,7404,"('2023-07-24 00:00:00+00:00', '2024-05-31 23:00:00+00:00')",
M5all_PL_noWake,04745,clean_exkl_curt,0.012931609118784215,0.7011030921160828,0.06849368143721833,0.04084232847707197,1.1133257917351338,0.018062530304771233,7404,"('2023-07-24 00:00:00+00:00', '2024-05-31 23:00:00+00:00')",0.047947055645596974
M5all_PL_noWake,05347,raw,0.23126081746771399,0.5757810236276975,0.19600264755240232,0.12208329125110137,1.1867067182584834,0.05059484642504,7511,"('2023-07-24 00:00:00+00:00', '2024-05-31 23:00:00+00:00')",
M5all_PL_noWake,05347,clean,0.23126081746771399,0.8120191775444632,0.12327769900080705,0.08164356778182665,1.0708270412504388,0.03807187389743641,5774,"('2023-07-24 00:00:00+00:00', '2024-05-30 20:00:00+00:00')",
M5all_PL_noWake,05347,clean_exkl_curt,0.23126081746771399,0.7985136477011787,0.12357809552089602,0.08199935543021193,1.0711314876143245,0.03812182215763541,5774,"('2023-07-24 00:00:00+00:00', '2024-05-30 20:00:00+00:00')",0.03948735711811569
M5all_PL_noWake,05426,raw,0.15162406815761453,0.6736136909153796,0.1750346936686309,0.10953759652360795,1.0956199034336718,0.027204803367463008,7512,"('2023-07-24 00:00:00+00:00', '2024-05-31 23:00:00+00:00')",
M5all_PL_noWake,05426,clean,0.15162406815761453,0.8411017117864799,0.12091373986074508,0.08411661684402783,1.0476765416338198,0.015471129190714715,6373,"('2023-07-24 04:00:00+00:00', '2024-05-31 18:00:00+00:00')",
M5all_PL_noWake,05426,clean_exkl_curt,0.15162406815761453,0.8359612344126452,0.12064427216137949,0.08414421952777118,1.0481649236931472,0.015262341006493202,6373,"('2023-07-24 04:00:00+00:00', '2024-05-31 18:00:00+00:00')",0.045818295935979914
M5all_PL_noWake,07374,raw,0.030883919062832832,0.6638876249818353,0.12140136709947728,0.07329816656960929,1.1035845688075878,0.01991345501904762,7512,"('2023-07-24 00:00:00+00:00', '2024-05-31 23:00:00+00:00')",
M5all_PL_noWake,07374,clean,0.030883919062832832,0.740176938005566,0.10676741988011494,0.06792376557642482,1.0686161280761421,0.015020280655667682,7280,"('2023-07-24 00:00:00+00:00', '2024-05-31 23:00:00+00:00')",
M5all_PL_noWake,07374,clean_exkl_curt,0.030883919062832832,0.7452199269686566,0.102135207955424,0.06515989568302942,1.0603408561643528,0.01319926009967601,7280,"('2023-07-24 00:00:00+00:00', '2024-05-31 23:00:00+00:00')",0.047115384615384615
